slug,field,regex_parse,ledger_transcription
achara-point-lighthouse,alol,"F 0592","F0592"
achara-point-lighthouse,char_raw,"Flash(2) White every 06 sec 5","Flash(2) White every 06 sec"
agatti-lighthouse,tower_type,"None","G I. Trestle tower on RCC Base"
agatti-lighthouse,solar,"False","True"
aguada-lighthouse-and-dgps-station,alol,"F 0606","F0606"
aguada-lighthouse-and-dgps-station,char_raw,"Flash 3 white every 20 sec. 5","Flash 3 white every 20 sec."
aguada-lighthouse-and-dgps-station,tower_type,"Rectangular R.C.C White","Rectangular R.C.C White Tower"
aguada-lighthouse-and-dgps-station,solar,"False","True"
alang-lighthouse,char_raw,"Fl W 3 Sec. (0.42+2.58=3 Sec.) 5","Fl W 3 Sec. (0.42+2.58=3 Sec.)"
alang-lighthouse,flash_s,"None","0.42"
alappuzha-lighthouse,char_raw,"None","Fl (1) W 15 sec (fl 0.8)"
alappuzha-lighthouse,period,"None","15"
alappuzha-lighthouse,tower_type,"equipment","Circular masonry tower"
alappuzha-lighthouse,solar,"False","True"
amini-lighthouse,alol,"F 0754.4","F-0754.4"
amini-lighthouse,char_raw,"Fl (1) White 15Sec 5","Fl (1) White 15Sec"
amini-lighthouse,range_lum_nm,"None","16.8"
amini-lighthouse,tower_type,"LED Flasher","G I trestle tower"
amini-lighthouse,solar,"False","True"
ammapattinam-lighthouse,tower_type,"LED","RCC Circular Tower"
ammapattinam-lighthouse,solar,"False","True"
andaman-strait-eastern-entrance-lighthouse,flash_s,"None","0.9"
andaman-strait-eastern-entrance-lighthouse,solar,"False","True"
androth-east-lighthouse,alol,"F 0755","F-0755"
androth-east-lighthouse,solar,"False","True"
androth-west-lighthouse,alol,"F 0755.2","0755.2"
androth-west-lighthouse,tower_type,"Circular Tapering CCTower","Circular Tapering CC Tower"
anjengo-lighthouse,alol,"F 0715","F-0715"
anjengo-lighthouse,elev_m,"38.0","39.6"
anjengo-lighthouse,phases,"[]","[0.44, 3.33, 0.44, 15.79]"
anjengo-lighthouse,flash_s,"None","0.44"
anjengo-lighthouse,solar,"False","True"
antervedi-lighthouse,alol,"None","0957"
antervedi-lighthouse,char_raw,"(FL0.4+ec3.4+FL0.4+ec10.8)","Flash (2) White every 15 Sec (FL0.4+ec3.4+FL0.4+ec10.8)"
antervedi-lighthouse,group,"1","2"
antervedi-lighthouse,period,"3.8","15"
antervedi-lighthouse,phases,"[0.4, 3.4]","[0.4, 3.4, 0.4, 10.8]"
antervedi-lighthouse,tower_colour,"None","Red & White bands"
armagon-lighthouse,flash_s,"None","0.38"
armagon-lighthouse,tower_colour,"None","Red and White bands"
armagon-lighthouse,intensity_cd,"66000","166000"
armagon-lighthouse,ais,"False","True"
armagon-lighthouse,solar,"False","True"
arnala-lighthouse,char_raw,"FL 3 WR 15 Sec. (FL 0.83 Sec.) 5","FL 3 WR 15 Sec. (FL 0.83 Sec.)"
arnala-lighthouse,tower_type,"RCC tower by using slip from","RCC tower by using slip from method with spiral half round staircase and lift"
arnala-lighthouse,solar,"False","True"
aves-lighthouse,char_raw,"Fl (2) W 7 Sec (fl 1.0, ec 1.0, fl 1.0 ,ec 4.0)","Fl (2) W 7 Sec (fl 1.0, ec 1.0, fl 1.0, ec 4.0)"
aves-lighthouse,phases,"[1.0, 1.0]","[1.0, 1.0, 1.0, 4.0]"
aves-lighthouse,flash_s,"None","1.0"
aves-lighthouse,solar,"False","True"
azhikode-lighthouse-and-dgps-station,alol,"F 0694.5","0694.5"
azhikode-lighthouse-and-dgps-station,range_lum_nm,"12.0","19"
azhikode-lighthouse-and-dgps-station,solar,"False","True"
balachadi-vts-station,tower_type,"None","RCC Circular concrete Tower"
balachadi-vts-station,tower_colour,"None","White color. (Bottom to Top)"
balachadi-vts-station,solar,"False","True"
balasore-navtex-station,ais,"False","True"
bampoka-lighthouse,phases,"[1.0, 2.0]","[1.0, 2.0, 1.0, 16.0]"
bampoka-lighthouse,flash_s,"None","1"
bampoka-lighthouse,solar,"False","True"
baruva-lighthouse,elev_m,"9.0","40"
baruva-lighthouse,tower_type,"None","RCC structure (Octagonal Shape)"
baruva-lighthouse,tower_h_m,"None","30"
baruva-lighthouse,tower_colour,"None","Black and White Bands"
baruva-lighthouse,ais,"False","True"
baruva-lighthouse,solar,"False","True"
battimalv-lighthouse,char_raw,"Fl (4) W 20 Sec (fl 0.5, ec 1, fl 0.5, ec1, fl0.5, ec 1, fl 0.5, ec 15)","Fl (4) W 20 Sec (fl 0.5, ec 1, fl 0.5, ec 1, fl 0.5, ec 1, fl 0.5, ec 15)"
battimalv-lighthouse,phases,"[0.5, 1.0]","[0.5, 1.0, 0.5, 1.0, 0.5, 1.0, 0.5, 15.0]"
battimalv-lighthouse,flash_s,"None","0.5"
battimalv-lighthouse,solar,"False","True"
belekeri-lighthouse,char_raw,"Fl. (3)White 10 sec. 5","Fl. (3)White 10 sec."
betul-lighthouse,char_raw,"FL4 (W) 15S 5","FL4 (W) 15S"
betul-lighthouse,solar,"False","True"
beypore-lighthouse,alol,"None","F-0689"
beypore-lighthouse,char_raw,"Flash (2) White-15 Seconds eristic","Flash (2) White-15 Seconds"
beypore-lighthouse,phases,"[]","[0.48, 3.27, 0.48, 10.77]"
beypore-lighthouse,flash_s,"None","0.48"
beypore-lighthouse,tower_type,"Size","Hexagonal RCC"
beypore-lighthouse,solar,"False","True"
bhadreshwar-vts-repeater-and-lighthouse-station,group,"1","3"
bhadreshwar-vts-repeater-and-lighthouse-station,phases,"[1.0, 2.0]","[1.0, 2.0, 1.0, 2.0, 1.0, 13.0]"
bhadreshwar-vts-repeater-and-lighthouse-station,tower_colour,"None","White"
bhatkal-lighthouse,kind,"Oc","Fl"
bhatkal-lighthouse,phases,"[0.23, 14.77]","[0.23, 4.77, 0.23, 14.77]"
bhatkal-lighthouse,solar,"False","True"
bheemlipatnam-lighthouse,lat,"17.938333333333333","17.941667"
bheemlipatnam-lighthouse,char_raw,"(FL 1+ EC 2+FL 1+EC 2+FL 1+EC8=15sec)","3FL (W) every 15Seconds (FL 1+ EC 2+FL 1+EC 2+FL 1+EC8=15sec)"
bheemlipatnam-lighthouse,group,"1","3"
bheemlipatnam-lighthouse,period,"3.0","15"
bheemlipatnam-lighthouse,phases,"[1.0, 2.0]","[1.0, 2.0, 1.0, 2.0, 1.0, 8.0]"
bheemlipatnam-lighthouse,flash_s,"0.38","1"
bheemlipatnam-lighthouse,tower_colour,"None","White day mark"
bhirbhanjan-lighthouse,char_raw,"Fl R 10 Sec. (0.5+9.5=10 Sec) 5","Fl R 10 Sec. (0.5+9.5=10 Sec)"
bhirbhanjan-lighthouse,tower_type,"White Square Masonry Tower ,","White Square Masonry Tower, Red bands"
bhirbhanjan-lighthouse,solar,"False","True"
bitra-lighthouse,alol,"F 0750","F-0750"
bitra-lighthouse,char_raw,"Fl (2) White 10 Sec 5","Fl (2) White 10 Sec"
bitra-lighthouse,range_lum_nm,"None","16.62"
bitra-lighthouse,tower_type,"LED Flasher","G I trestle tower"
bitra-lighthouse,solar,"False","True"
bural-reef-lighthouse,alol,"F 0386.5","0386.5"
bural-reef-lighthouse,char_raw,"Fl (W) 1.1Sec. (0.5 + 0.6 = 1.1Sec) 05.","Fl (W) 1.1Sec. (0.5 + 0.6 = 1.1Sec)"
bural-reef-lighthouse,optic,"None","flasher"
cape-cannaught-lighthouse,phases,"[0.5, 1.0]","[0.5, 1.0, 0.5, 13.0]"
cape-cannaught-lighthouse,flash_s,"None","0.5"
cape-cannaught-lighthouse,solar,"False","True"
chandrabhaga-lighthouse,elev_m,"6.5","37"
chandrabhaga-lighthouse,tower_type,"None","Circular RCC Tower"
chandrabhaga-lighthouse,tower_h_m,"None","30.5"
chandrabhaga-lighthouse,tower_colour,"None","Red and White Bands"
chandrabhaga-lighthouse,ais,"False","True"
chandrabhaga-lighthouse,solar,"False","True"
chank-tapu-lighthouse,alol,"F 0386","0386"
chank-tapu-lighthouse,tower_type,"None","Frame work tower (M.S. Trestle tower) over masonry structure"
chank-tapu-lighthouse,tower_h_m,"None","6"
chank-tapu-lighthouse,tower_colour,"None","White - Black three strips"
chank-tapu-lighthouse,solar,"False","True"
chaul-kadu-lighthouse,char_raw,"fl. R 3 Sec. (fl. 0.5, EC 2.5) 5","fl. R 3 Sec. (fl. 0.5, EC 2.5)"
chennai-lighthouse,flash_s,"None","0.57"
chennai-lighthouse,tower_type,"Triangular PRISM – RCC tower","Triangular PRISM - RCC tower"
chennai-lighthouse,tower_colour,"Red & White – Horizontal band","Red & White - Horizontal band"
chetlat-lighthouse,alol,"F 0749","F-0749"
chetlat-lighthouse,char_raw,"Fl (3) White 30 Sec 5","Fl (3) White 30 Sec"
chetlat-lighthouse,range_lum_nm,"None","17.16"
chetlat-lighthouse,tower_type,"LED Flasher","G I trestle tower"
chetlat-lighthouse,solar,"False","True"
chetwai-lighthouse,alol,"F 0693","0693"
chetwai-lighthouse,phases,"[]","[0.46, 2.2, 0.46, 16.88]"
chetwai-lighthouse,flash_s,"None","0.46"
chhachhi-lighthouse-and-vts-station,alol,"F 0356","F-0356"
chhachhi-lighthouse-and-vts-station,elev_m,"None","32"
chhachhi-lighthouse-and-vts-station,char_raw,"FI (3)W 15 sec. [(0.35+2.15+0.35+2.15+0.35+9.65","Fl (3)W 15 sec. [(0.35+2.15+0.35+2.15+0.35+9.65 =15 sec.)]"
chhachhi-lighthouse-and-vts-station,phases,"[]","[0.35, 2.15, 0.35, 2.15, 0.35, 9.65]"
chhachhi-lighthouse-and-vts-station,flash_s,"2.1","0.35"
chhachhi-lighthouse-and-vts-station,tower_type,"None","Square masonry stone tower"
chhachhi-lighthouse-and-vts-station,tower_colour,"None","3 Black and 2 white bands"
chidiyatapu-lighthouse,phases,"[0.8, 1.2]","[0.8, 1.2, 0.8, 7.2]"
chidiyatapu-lighthouse,flash_s,"None","0.8"
chidiyatapu-lighthouse,optic,"None","flasher"
chidiyatapu-lighthouse,solar,"False","True"
chowra-lighthouse,flash_s,"None","0.5"
chowra-lighthouse,solar,"False","True"
cuddalore-lighthouse,flash_s,"None","2.0"
cuddalore-lighthouse,range_lum_nm,"None","12"
cuddalore-lighthouse,solar,"False","True"
dahanu-lighthouse,alol,"F 0491","F0491"
dahanu-lighthouse,char_raw,"fl W 05 Sec. (Fl 0.3 ) 5","fl W 05 Sec. (Fl 0.3 )"
dahanu-lighthouse,range_lum_nm,"None","10"
dahanu-lighthouse,solar,"False","True"
dariapur-lighthouse,elev_m,"4.0","22"
dariapur-lighthouse,tower_type,"None","Circular Masonry Tower"
dariapur-lighthouse,tower_h_m,"None","26"
dariapur-lighthouse,tower_colour,"None","Black & White Bands"
dariapur-lighthouse,solar,"False","True"
devgad-lighthouse,char_raw,"Group Flash(4) white for every 30Sec 5","Group Flash(4) white for every 30Sec"
devgad-lighthouse,ais,"False","True"
devgad-lighthouse,solar,"False","True"
dhanushkodi-lighthouse,char_raw,"Fl (3) W 20 sec 5","Fl (3) W 20 sec"
diu-head-lighthouse,char_raw,"Fl W 10 sec. 0.3+9.7=10 Sec. 5","Fl W 10 sec. 0.3+9.7=10 Sec."
diu-head-lighthouse,phases,"[]","[0.3, 9.7]"
diu-head-lighthouse,solar,"False","True"
dolphin-nose-lighthouse,alol,"None","0970"
dolphin-nose-lighthouse,elev_m,"None","173"
dolphin-nose-lighthouse,char_raw,"(Fl 0.33 Sec. Ec9.67 Sec.)","FL.W. 10 Sec (Fl 0.33 Sec. Ec 9.67 Sec.)"
dolphin-nose-lighthouse,ais,"False","True"
dolphin-nose-lighthouse,dgps,"False","True"
dwarka-point-lighthouse,char_raw,"Fl (2)W 20 sec. (0.31+4.69+0.31+14.69=20sec.) 5","Fl (2)W 20 sec. (0.31+4.69+0.31+14.69=20sec.)"
dwarka-point-lighthouse,flash_s,"None","0.31"
dwarka-point-lighthouse,solar,"False","True"
east-island-lighthouse-and-dgps-station,flash_s,"0.16","0.8"
east-island-lighthouse-and-dgps-station,solar,"False","True"
false-point-lighthouse,elev_m,"6.0","26"
false-point-lighthouse,char_raw,"F1 (2) W 20 Sec","Fl (2) W 20 Sec"
false-point-lighthouse,tower_type,"None","Circular Masonry Tower"
false-point-lighthouse,tower_h_m,"None","32"
false-point-lighthouse,tower_colour,"None","Red and White Band"
ghogha-lighthouse,char_raw,"Occulting Red 15 Sec. (11 + 4= 15 Sec.) 5","Occulting Red 15 Sec. (11 + 4= 15 Sec.)"
ghogha-lighthouse,colour,"W","R"
ghogha-lighthouse,flash_s,"None","11"
ghogha-lighthouse,tower_type,"Square masonry tower with","Square masonry tower with semicircular."
ghogha-lighthouse,tower_colour,"2 Red and 1 White bands (Bottom","2 Red and 1 White bands (Bottom band Red)"
ghogha-lighthouse,solar,"False","True"
gopalpur-lighthouse,elev_m,"8.0","45"
gopalpur-lighthouse,tower_type,"None","Circular RCC Tower"
gopalpur-lighthouse,tower_h_m,"None","37"
gopalpur-lighthouse,tower_colour,"None","Red & White Band"
gopalpur-lighthouse,ais,"False","True"
gopalpur-lighthouse,solar,"False","True"
gopnath-lighthouse-dgps-station,char_raw,"FI (3) W 20sec (0.3+3.7)2+0.3+11.7=20Sec","Fl (3) W 20sec (0.3+3.7)2+0.3+11.7=20Sec"
gopnath-lighthouse-dgps-station,phases,"[0.3, 3.7]","[0.3, 3.7, 0.3, 3.7, 0.3, 11.7]"
gopnath-lighthouse-dgps-station,tower_colour,"Red and White bands.","Red and White bands"
gopnath-lighthouse-dgps-station,solar,"False","True"
harnai-lighthouse,alol,"F 0564","F0564"
harnai-lighthouse,char_raw,"fl R 05 Sec. (Fl 0.5 ) 5","fl R 05 Sec. (Fl 0.5 )"
harnai-lighthouse,optic,"None","flasher"
harnai-lighthouse,solar,"False","True"
harudi-vts-repeater-station,tower_type,"None","GI Trestle tower"
harudi-vts-repeater-station,tower_h_m,"None","55"
hazira-lighthouse-and-dgps-station,char_raw,"Fl (3)W 15 Sec. (fl. 0.4, ec. 2.10)(fl. 0.4,ec.2.10) (fl 0.4, ec. 9.60) 5","Fl (3)W 15 Sec. (fl. 0.4, ec. 2.10)(fl. 0.4,ec.2.10) (fl 0.4, ec. 9.60)"
hazira-lighthouse-and-dgps-station,phases,"[0.4, 2.1]","[0.4, 2.1, 0.4, 2.1, 0.4, 9.6]"
hazira-lighthouse-and-dgps-station,solar,"False","True"
honnavar-lighthouse,solar,"False","True"
indira-point-lighthouse,char_raw,"Fl (2) W 20 Sec (fl 1.0,ec 3.0, fl 1, ec 15)","Fl (2) W 20 Sec (fl 1.0, ec 3.0, fl 1, ec 15)"
indira-point-lighthouse,phases,"[1.0, 3.0]","[1.0, 3.0, 1.0, 15.0]"
indira-point-lighthouse,flash_s,"None","1.0"
indira-point-lighthouse,dgps,"True","False"
indira-point-lighthouse,solar,"False","True"
interview-lighthouse,phases,"[1.0, 3.0]","[1.0, 3.0, 1.0, 15.0]"
interview-lighthouse,flash_s,"None","1.0"
interview-lighthouse,solar,"False","True"
isakapalli-lighthouse,char_raw,"Group Flash(2) White, every10Seconds(0.3+3.2+0.3+6.2)Sec","Group Flash(2) White, every 10 Seconds (0.3+3.2+0.3+6.2) Sec"
jafrabad-lighthouse,char_raw,"Fl W 10 Sec. (0.3 + 9.7 = 10 Sec.) 5","Fl W 10 Sec. (0.3 + 9.7 = 10 Sec.)"
jaigarh-lighthouse,phases,"[0.25, 2.6]","[0.25, 2.6, 0.25, 2.6, 0.25, 2.6, 0.25, 11.2]"
jaigarh-lighthouse,solar,"False","True"
jakhau-lighthouse-and-vts-station,char_raw,"FI W 10 sec. (0.3 flash+9.7eclipse =10 sec.)","Fl W 10 sec. (0.3 flash+9.7eclipse =10 sec.)"
jakhau-lighthouse-and-vts-station,phases,"[]","[0.3, 9.7]"
jakhau-lighthouse-and-vts-station,flash_s,"None","0.3"
jakhau-lighthouse-and-vts-station,range_lum_nm,"18.0","17"
jakhau-lighthouse-and-vts-station,range_geo_nm,"None","18"
jakhau-lighthouse-and-vts-station,tower_h_m,"None","41"
jakhau-lighthouse-and-vts-station,tower_colour,"None","4 red and 3 white bands (Band width 5.6 mtrs, bottom band red, nos. of bands - 7)"
jakhau-lighthouse-and-vts-station,solar,"False","True"
jegri-island-lighthouse,char_raw,"Fl(2)W20 Sec. (0.3+3.7+0.3+15.7=20 Sec) 5","Fl(2)W20 Sec. (0.3+3.7+0.3+15.7=20 Sec)"
jegri-island-lighthouse,flash_s,"1.86","0.3"
jegri-island-lighthouse,solar,"False","True"
jhanjhmer-lighthouse,alol,"F 0442","0442"
jhanjhmer-lighthouse,char_raw,"Fl(1)W10 Sec. (1+9=10 Sec) 5","Fl(1)W10 Sec. (1+9=10 Sec)"
jhanjhmer-lighthouse,tower_type,"Masonary square room with RCC","Masonary square room with RCC slab."
jhanjhmer-lighthouse,solar,"False","True"
jodiya-lighthouse,alol,"F 0368","0368"
jodiya-lighthouse,tower_type,"of Light (LED Flasher)","Frame work tower (Trestle tower)"
kabra-island-lighthouse,phases,"[0.8, 1.2]","[0.8, 1.2, 0.8, 1.2, 0.8, 15.2]"
kabra-island-lighthouse,flash_s,"None","0.8"
kabra-island-lighthouse,solar,"False","True"
kachhigadh-lighthouse,char_raw,"Fl(4)W15 Sec. (0.4+1.5)3+0.4+8.9=15 Sec) 5","Fl(4)W15 Sec. (0.4+1.5)3+0.4+8.9=15 Sec)"
kachhigadh-lighthouse,phases,"[0.4, 1.5]","[0.4, 1.5, 0.4, 1.5, 0.4, 1.5, 0.4, 8.9]"
kachhigadh-lighthouse,tower_colour,"3 Red and 2 White bands (Bottom","3 Red and 2 White bands (Bottom band Red)"
kachhigadh-lighthouse,solar,"False","True"
kadalur-point-lighthouse,solar,"False","True"
kadamat-lighthouse,alol,"F 0755.5","F-0755.5"
kadamat-lighthouse,char_raw,"Fl (4) White 20 Sec 5","Fl (4) White 20 Sec"
kadamat-lighthouse,range_lum_nm,"None","16.8"
kadamat-lighthouse,tower_type,"LED Flasher","G I trestle tower"
kadamat-lighthouse,solar,"False","True"
kadapakkam-lighthouse,phases,"[]","[0.45, 4.55, 0.45, 4.55, 0.45, 9.55]"
kadapakkam-lighthouse,flash_s,"None","0.45"
kadapakkam-lighthouse,solar,"False","True"
kalingapatnam-lighthouse,elev_m,"4.54","34.54"
kalingapatnam-lighthouse,tower_type,"None","Hexagonal Masonry Tower"
kalingapatnam-lighthouse,tower_h_m,"None","30"
kalingapatnam-lighthouse,tower_colour,"None","Red & White Bands"
kalingapatnam-lighthouse,ais,"False","True"
kalingapatnam-lighthouse,solar,"False","True"
kalpeni-lighthouse,tower_type,"Circular RCC block","Circular RCC block masonry tower"
kalpeni-lighthouse,intensity_cd,"989","256989"
kalubhar-lighthouse,alol,"F 0384","0384"
kalubhar-lighthouse,char_raw,"Fl (3W) in 15Sec (0.75 + 2.25)2 + 0.75 + 8.25 =","Fl (3W) in 15Sec ((0.75 + 2.25)2 + 0.75 + 8.25 = 15Sec)"
kalubhar-lighthouse,group,"1","3"
kalubhar-lighthouse,phases,"[0.75, 2.25]","[0.75, 2.25, 0.75, 2.25, 0.75, 8.25]"
kalubhar-lighthouse,optic,"None","flasher"
kanai-creek-lighthouse,char_raw,"fl (2) W 20 Sec. (fl 0.5, ec 3,fl 0.5, ec 16) 5","fl (2) W 20 Sec. (fl 0.5, ec 3,fl 0.5, ec 16)"
kanai-creek-lighthouse,phases,"[0.5, 3.0]","[0.5, 3.0, 0.5, 16.0]"
kanai-creek-lighthouse,tower_colour,"Black & White bands (3 black & 2","Black & White bands (3 black & 2 white)"
kanai-creek-lighthouse,solar,"False","True"
kanhoji-angre-lighthouse,char_raw,"fl (2) WR 10 Sec.
6","fl (2) WR 10 Sec."
kanyakumari-lighthouse,flash_s,"None","0.66"
kanyakumari-lighthouse,solar,"False","True"
karaikal-lighthouse,solar,"False","True"
kasargod-lighthouse,char_raw,"Fl (3) W 20 sec 5","Fl (3) W 20 sec"
kasargod-lighthouse,tower_colour,"Blackand White Band","Black and White Band"
kasargod-lighthouse,solar,"False","True"
katchal-east-lighthouse,flash_s,"None","0.5"
katchal-east-lighthouse,solar,"False","True"
katchal-west-lighthouse,phases,"[0.5, 1.0]","[0.5, 1.0, 0.5, 1.0, 0.5, 11.5]"
katchal-west-lighthouse,flash_s,"None","0.5"
katchal-west-lighthouse,solar,"False","True"
kaup-lighthouse,char_raw,"fl (3) W 20 Sec.(fl 0.25, ec3.75, fl 0.25, ec3.75 Fl 0.25, ec 11.75)","fl (3) W 20 Sec. (fl 0.25, ec 3.75, fl 0.25, ec 3.75, Fl 0.25, ec 11.75)"
kaup-lighthouse,phases,"[0.25, 3.75]","[0.25, 3.75, 0.25, 3.75, 0.25, 11.75]"
kaup-lighthouse,tower_colour,"Black and white bands (Band width 5.44m,","Black and white bands (Band width 5.44m, Bottom band black, No. of bands 5)"
kavaratti-lighthouse,alol,"F 0755.5","F-0755.5"
kavaratti-lighthouse,char_raw,"Fl (1) White 5 Sec (0.33+4.67 =5.0sec) 5","Fl (1) White 5 Sec (0.33+4.67 =5.0sec)"
kavaratti-lighthouse,solar,"False","True"
keating-point-lighthouse-and-dgps-station,flash_s,"0.25","0.15"
keating-point-lighthouse-and-dgps-station,solar,"False","True"
kiltan-lighthouse-north,range_lum_nm,"12.0","11.3"
kiltan-lighthouse-north,tower_type,"Electronic Flashing Unit","Square RCC Block tower"
kiltan-lighthouse-north,solar,"False","True"
kiltan-lighthouse-south,tower_type,"Revolving type","Circular CC Block Masonary tower"
kiltan-lighthouse-south,solar,"False","True"
kodikkarai-lighthouse,kind,"F","Fl"
kodikkarai-lighthouse,phases,"[]","[0.22, 9.8]"
kodikkarai-lighthouse,range_lum_nm,"3.0","19"
kodikkarai-lighthouse,solar,"False","True"
koltapalm-lighthouse,flash_s,"None","1"
koltapalm-lighthouse,dgps,"True","False"
koltapalm-lighthouse,solar,"False","True"
korlai-fort-lighthouse,char_raw,"fl. W 3 Sec. (fl. 1, ec 2) 5","fl. W 3 Sec. (fl. 1, ec 2)"
korlai-fort-lighthouse,tower_colour,"Black & White bands","Black & White bands (3 bands 4.30 m each)"
korlai-fort-lighthouse,solar,"False","True"
koteshwar-lighthouse-vts-station,alol,"F 0354","F-0354"
koteshwar-lighthouse-vts-station,phases,"[1.0, 3.0]","[1.0, 3.0, 1.0, 10.0]"
koteshwar-lighthouse-vts-station,tower_type,"None","RCC Circular concrete Tower"
koteshwar-lighthouse-vts-station,tower_colour,"None","4 black and 3 white bands. (Bottom band black)"
koteshwar-lighthouse-vts-station,solar,"False","True"
kovilthottam-lighthouse,phases,"[]","[1.0, 4.0]"
kovilthottam-lighthouse,solar,"False","True"
krishnapatnam-lighthouse,alol,"None","0952"
krishnapatnam-lighthouse,char_raw,"(FL0.48Sec. +ec2.02+Fl0.48 ec2.02 sec+ Fl0.48 +9.52sec)","Flash (3) White every 15 Sec. (FL0.48Sec. +ec2.02+Fl0.48 ec2.02 sec+ Fl0.48 +9.52sec)"
krishnapatnam-lighthouse,group,"1","3"
krishnapatnam-lighthouse,period,"2.5","15"
krishnapatnam-lighthouse,phases,"[0.48, 2.02]","[0.48, 2.02, 0.48, 2.02, 0.48, 9.52]"
krishnapatnam-lighthouse,tower_colour,"None","Black & White bands"
krishnapatnam-lighthouse,intensity_cd,"39500","939500"
krishnapatnam-lighthouse,dgps,"False","True"
krishnapatnam-lighthouse,solar,"False","True"
kundapur-lighthouse,tower_type,"None","Round R.C.C. Tower"
kundapur-lighthouse,tower_colour,"Red & White bands (3 Red & 2","Red & White bands (3 Red & 2 White bands)"
kundapur-lighthouse,solar,"False","True"
kuthenkuli-lighthouse,solar,"False","True"
little-andaman-lighthouse,solar,"False","True"
luhara-point-lighthouse,char_raw,"fl W 15 Sec.(FL 0.5 Sec+14.5 Sec) 5","fl W 15 Sec.(FL 0.5 Sec+14.5 Sec)"
luhara-point-lighthouse,phases,"[]","[0.5, 14.5]"
luhara-point-lighthouse,solar,"False","True"
machilipatnam-lighthouse,alol,"F 0955","0955"
machilipatnam-lighthouse,char_raw,". :Gr. FL(3) W.20 Seconds F1 0.5, EC 2.0,F2 0.5, EC 2.0, F3","Gr. FL(3) W. 20 Seconds (F1 0.5, EC 2.0, F2 0.5, EC 2.0, F3 0.5, EC 14.5 sec.)"
machilipatnam-lighthouse,phases,"[]","[0.5, 2.0, 0.5, 2.0, 0.5, 14.5]"
machilipatnam-lighthouse,tower_type,"Circular R.C.C.Tower","Circular R.C.C. Tower"
mahabalipuram-lighthouse,alol,"F 0932","0932"
mahabalipuram-lighthouse,solar,"False","True"
mahe-lighthouse,alol,"F 0672","F -0672"
mahe-lighthouse,solar,"False","True"
mallipattinam-lighthouse,solar,"False","True"
malpe-lighthouse,alol,"F 0655","F0655"
malpe-lighthouse,char_raw,"Fl(White)3sec. 5","Fl(White)3sec."
malpe-lighthouse,solar,"False","True"
manakkodam-lighthouse,tower_type,"Size","Square RCC Tower"
manapad-point-lighthouse,char_raw,"Group Flash 2(White)every 10Sec's (F1: 0.187+sec.2.376+F1:0.187+sec.7.250)","Group Flash 2(White) every 10Sec's (F1: 0.187+sec.2.376+F1:0.187+sec.7.250)"
manapad-point-lighthouse,phases,"[]","[0.187, 2.376, 0.187, 7.25]"
manapad-point-lighthouse,flash_s,"None","0.187"
manapad-point-lighthouse,range_lum_nm,"18.0","26"
manapad-point-lighthouse,solar,"False","True"
mandvi-break-water-station,alol,"F 0358","F-0358"
mandvi-break-water-station,colour,"W","R"
mandvi-break-water-station,tower_type,"of Light (LED","Masonry square Tower"
mandvi-break-water-station,tower_colour,"None","1 Red and 1 white bands. Horizontal"
mandvi-break-water-station,optic,"None","flasher"
mandvi-lighthouse-vts-station,alol,"F 0357","F-0357"
mandvi-lighthouse-vts-station,char_raw,"Group flash 3 white every 30 sec [(fl 1s, ec 5s)*2, fl 1s, ec17s]","Group flash 3 white every 30 sec [(fl 1s, ec 5s)*2, fl 1s, ec 17s]"
mandvi-lighthouse-vts-station,phases,"[1.0, 5.0]","[1.0, 5.0, 1.0, 5.0, 1.0, 17.0]"
mandvi-lighthouse-vts-station,tower_type,"None","RCC Circular concrete Tower"
mandvi-lighthouse-vts-station,tower_colour,"None","4 black and 3 white bands (Bottom band black)"
mandvi-lighthouse-vts-station,solar,"False","True"
mangrol-lighthouse,char_raw,"FL 2 (W) every (0.5+2+0.5+17=20s) 20Sec. 5","FL 2 (W) every (0.5+2+0.5+17=20s) 20Sec."
mangrol-lighthouse,flash_s,"None","0.5"
mangrol-lighthouse,ais,"False","True"
mangrol-lighthouse,solar,"False","True"
mawadi-point-beacon,alol,"F 0378","0378"
mawadi-point-beacon,tower_type,"White pyramidal concrete tower, red","White pyramidal concrete tower, red bands"
mawadi-point-beacon,solar,"False","True"
menchal-lighthouse,solar,"False","True"
middle-button-lighthouse,phases,"[1.0, 3.0]","[1.0, 3.0, 1.0, 15.0]"
middle-button-lighthouse,flash_s,"None","1.0"
middle-button-lighthouse,solar,"False","True"
minicoy-north-lighthouse,char_raw,"Flash (2) white every 10 seconds. 5","Flash (2) white every 10 seconds."
minicoy-north-lighthouse,tower_type,"17m BMT Square + 5m trestle","17m BMT Square + 5m trestle tower"
minicoy-south-lighthouse-dgps-station,tower_type,"Tapering circular brick masonry","Tapering circular brick masonry Tower"
minicoy-south-lighthouse-dgps-station,solar,"False","True"
mount-dilli-lighthouse,alol,"F 0669.5","0669.5"
mount-dilli-lighthouse,flash_s,"0.6","0.53"
mount-dilli-lighthouse,solar,"False","True"
mungra-reef-lighthouse,alol,"F 0367.8","0367.8"
mungra-reef-lighthouse,char_raw,"Fl (2) W15Sec. 0.75 +1+0.75+12.5 =15Sec.","Fl (2) W 15Sec. 0.75+1+0.75+12.5 = 15Sec."
mungra-reef-lighthouse,phases,"[]","[0.75, 1.0, 0.75, 12.5]"
mungra-reef-lighthouse,tower_type,"White round concrete tower,","White round concrete tower, red bands"
mungra-reef-lighthouse,tower_colour,"White – red band","White - red band"
mungra-reef-lighthouse,solar,"False","True"
murud-janjira-lighthouse,char_raw,"Fl( 2)W15 seconds 5","Fl( 2)W15 seconds"
murud-janjira-lighthouse,tower_type,"The existing concrete pillar Lighthouse","The existing concrete pillar Lighthouse tower is of 12m height and light equipment was installed on top of the tower earlier. It is reported that the light is non functional since so many years."
murud-janjira-lighthouse,tower_h_m,"None","12"
muttom-point-lighthouse-and-navtex-station,range_lum_nm,"800.0","28"
nagapattinam-lighthouse-and-dgps-station,lat,"10.7525","10.759167"
nagapattinam-lighthouse-and-dgps-station,phases,"[0.5, 2.0]","[0.5, 2.0, 0.5, 17.0]"
nagapattinam-lighthouse-and-dgps-station,flash_s,"None","0.5"
nagapattinam-lighthouse-and-dgps-station,tower_colour,"None","Black & White Band"
nagapattinam-lighthouse-and-dgps-station,ais,"False","True"
nagapattinam-lighthouse-and-dgps-station,solar,"False","True"
nagayalanka-lighthouse,alol,"F 0953","0953"
nagayalanka-lighthouse,phases,"[]","[11.16, 3.84]"
nagayalanka-lighthouse,intensity_cd,"38480","438480"
nagayalanka-lighthouse,ais,"False","True"
nagayalanka-lighthouse,solar,"False","True"
nanwel-point-lighthouse,phases,"[0.33, 12.7]","[0.33, 12.7, 0.33, 2.17, 0.33, 9.67]"
nanwel-point-lighthouse,tower_type,".","Octagonal Masonry Tower"
nanwel-point-lighthouse,tower_colour,"Red , White & Red Bands","Red, White & Red Bands"
narcondum-lighthouse,kind,"F","Fl"
narcondum-lighthouse,phases,"[0.8, 1.2]","[0.8, 1.2, 0.8, 1.2, 0.8, 15.2]"
narcondum-lighthouse,flash_s,"None","0.8"
narcondum-lighthouse,solar,"False","True"
navadra-lighthouse,char_raw,"Fl(3)W15 Sec. (0.4+1.5)2+0.4+10.8=15 Sec) 5","Fl(3)W15 Sec. (0.4+1.5)2+0.4+10.8=15 Sec)"
navadra-lighthouse,phases,"[0.4, 1.5]","[0.4, 1.5, 0.4, 1.5, 0.4, 10.8]"
navadra-lighthouse,solar,"False","True"
navibandar-lighthouse,char_raw,"Fl(1)W10 Sec. (1+9=10 Sec) 5","Fl(1)W10 Sec. (1+9=10 Sec)"
navibandar-lighthouse,flash_s,"None","1"
navibandar-lighthouse,solar,"False","True"
navinal-lighthouse-and-vts-station,alol,"F 0361.82","F0361.82"
navinal-lighthouse-and-vts-station,tower_type,"None","RCC Circular concrete Tower (Light is installed at the height of 45 mtr)"
navinal-lighthouse-and-vts-station,tower_colour,"None","4 black and 3 white bands. (Bottom band black)"
navlakhi-lighthouse,flash_s,"None","1"
navlakhi-lighthouse,tower_type,"of Light (LED Flasher)","Circular RCC tower"
navlakhi-lighthouse,tower_colour,"None","White and red Alternate Horizontal bands"
navlakhi-lighthouse,optic,"None","flasher"
navlakhi-lighthouse,solar,"False","True"
nawabander-lighthouse,char_raw,"4Fl (W) 12Sec. (0.75 + 1)3 +0.75+6 = 12Sec 5","4Fl (W) 12Sec. (0.75 + 1)3 +0.75+6 = 12Sec"
nawabander-lighthouse,group,"1","4"
nawabander-lighthouse,phases,"[0.75, 1.0]","[0.75, 1.0, 0.75, 1.0, 0.75, 1.0, 0.75, 6.0]"
nawabander-lighthouse,flash_s,"None","0.75"
nawabander-lighthouse,optic,"flasher","None"
nizampatnam-lighthouse,alol,"None","0952.95"
nizampatnam-lighthouse,char_raw,"(Fl 0.5 + ec4.5 = 5 sec.)","Flash White, every 5Seconds (Fl 0.5 + ec4.5 = 5 sec.)"
nizampatnam-lighthouse,flash_s,"None","0.5"
north-brother-lighthouse,phases,"[0.5, 4.5]","[0.5, 4.5, 0.5, 14.5]"
north-brother-lighthouse,flash_s,"None","0.5"
north-brother-lighthouse,solar,"False","True"
north-button-lighthouse,flash_s,"None","0.8"
north-button-lighthouse,solar,"False","True"
north-cinque-lighthouse,flash_s,"None","0.5"
north-cinque-lighthouse,solar,"False","True"
north-point-lighthouse,char_raw,"fl (2) W 12 sec fl 0.5,ec 1.0, fl 0.5, ec 10)","fl (2) W 12 sec (fl 0.5, ec 1.0, fl 0.5, ec 10)"
north-point-lighthouse,period,"1.5","12"
north-point-lighthouse,phases,"[0.5, 1.0]","[0.5, 1.0, 0.5, 10.0]"
north-point-lighthouse,flash_s,"0.25","0.5"
north-point-lighthouse,solar,"False","True"
okha-lighthouse-dgps-and-vts-station,alol,"F 0388","F.0388"
okha-lighthouse-dgps-and-vts-station,char_raw,"Fl (3) W.25 sec.(Fl-1. 0.41, ec. 4.59, Fl-2.0.41, ec.4.59, Fl-3.","Fl (3) W.25 sec.(Fl-1. 0.41, ec. 4.59, Fl-2.0.41, ec.4.59, Fl-3. 0.41, ec.14.59)"
okha-lighthouse-dgps-and-vts-station,phases,"[]","[0.41, 4.59, 0.41, 4.59, 0.41, 14.59]"
okha-lighthouse-dgps-and-vts-station,flash_s,"None","0.41"
okha-lighthouse-dgps-and-vts-station,tower_type,"None","Square Masonry tower"
okha-lighthouse-dgps-and-vts-station,tower_colour,"None","Red and White alternate horizontal band"
okha-lighthouse-dgps-and-vts-station,solar,"False","True"
olakuda-lighthouse,tower_type,"C.C Block Masonry Rectangular","C.C Block Masonry Rectangular Tower"
oyster-rocks-lighthouse,tower_type,"None","Circular Masonry Tower"
oyster-rocks-lighthouse,ais,"False","True"
oyster-rocks-lighthouse,solar,"False","True"
pandiyan-tivu-lighthouse-and-dgps-station,ais,"False","True"
pandiyan-tivu-lighthouse-and-dgps-station,solar,"False","True"
paradeep-lighthouse,elev_m,"4.0","40.4"
paradeep-lighthouse,tower_type,"None","Tapering Circular RCC Tower"
paradeep-lighthouse,tower_h_m,"None","40.86"
paradeep-lighthouse,tower_colour,"None","Black and White Band"
paradeep-lighthouse,solar,"False","True"
passipattinam-lighthouse,solar,"False","True"
pentakota-lighthouse,alol,"None","0966"
pentakota-lighthouse,char_raw,"(Fl. 1.5 +, ec. 13.5= 15 sec.)","Fl. W 15 Sec. (Fl. 1.5 +, ec. 13.5= 15 sec.)"
pentakota-lighthouse,tower_colour,"None","Black & White bands"
pentakota-lighthouse,ais,"False","True"
perigee-light-vesselmain-light,char_raw,"Fl (W) 7Sec. (0.5 + 6.5 = 7Sec) 5","Fl (W) 7Sec. (0.5 + 6.5 = 7Sec)"
perigee-light-vesselmain-light,solar,"False","True"
petrie-lighthouse,flash_s,"None","1.0"
petrie-lighthouse,solar,"False","True"
piram-lighthouse,char_raw,"Fl(2)W10 Sec. (0.3+2.2+0.3+7.2=10 Sec) 5","Fl(2)W10 Sec. (0.3+2.2+0.3+7.2=10 Sec)"
piram-lighthouse,tower_colour,"3 Black and 2 White bands","3 Black and 2 White bands (Bottom band Black)"
pirotan-lighthouse,char_raw,"None","Fl W 20 sec. (0.4+19.6 = 20 sec.)"
pirotan-lighthouse,period,"None","20"
pirotan-lighthouse,phases,"[]","[0.4, 19.6]"
pirotan-lighthouse,flash_s,"0.7","0.4"
pirotan-lighthouse,tower_colour,"Black","Black and White alternate horizontal bands"
point-calimere-lighthouse,phases,"[]","[0.3, 1.5, 0.3, 1.5, 0.3, 6.1]"
point-calimere-lighthouse,solar,"False","True"
ponnani-lighthouse,alol,"F 0692","0692"
poompuhar-lighthouse,char_raw,"Flash(4)every15seconds (0.35+2.2+0.35+2.2+0.35+2.2+0.35+7.0=15sec)","Flash(4) every 15 seconds (0.35+2.2+0.35+2.2+0.35+2.2+0.35+7.0=15sec)"
poompuhar-lighthouse,solar,"False","True"
porbandar-lighthouse,char_raw,"Fl(1)W5 Sec. (0.25+4.75=5 Sec) 5","Fl(1)W5 Sec. (0.25+4.75=5 Sec)"
porbandar-lighthouse,flash_s,"None","0.25"
porbandar-lighthouse,solar,"False","True"
port-cornwallis,char_raw,"Fl (2) W 20 Sec (fl 1.0 ,ec 3.0 ,fl 1, ec 15)","Fl (2) W 20 Sec (fl 1.0, ec 3.0, fl 1, ec 15)"
port-cornwallis,phases,"[1.0, 3.0]","[1.0, 3.0, 1.0, 15.0]"
port-cornwallis,flash_s,"None","1.0"
port-cornwallis,solar,"False","True"
portonovo-lighthouse-and-navtex-station,char_raw,"Single FL.W. every 15 Sec 5","Single FL.W. every 15 Sec"
portonovo-lighthouse-and-navtex-station,range_lum_nm,"900.0","25.7"
portonovo-lighthouse-and-navtex-station,solar,"False","True"
prayagi-lighthouse,elev_m,"8.1","38.1"
prayagi-lighthouse,tower_type,"None","Circular RCC Tower"
prayagi-lighthouse,tower_h_m,"None","30"
prayagi-lighthouse,tower_colour,"None","Spiral Red and White Bands"
prayagi-lighthouse,ais,"False","True"
prayagi-lighthouse,solar,"False","True"
prongs-reef-lighthouse,char_raw,"Fl W10 Sec. 5","Fl W 10 Sec."
prongs-reef-lighthouse,range_lum_nm,"None","23"
prongs-reef-lighthouse,solar,"False","True"
pudimadaka-lighthouse,alol,"None","0968"
pudimadaka-lighthouse,char_raw,"(0.4+ 3.4 +0.4 +10.8 =15 sec.)","Fl. (2) W 15 Sec. (0.4+ 3.4 +0.4 +10.8 =15 sec.)"
pudimadaka-lighthouse,group,"1","2"
pudimadaka-lighthouse,flash_s,"0.38","0.4"
pudimadaka-lighthouse,tower_colour,"None","Red & white band"
puducherry-lighthouse-and-dgps-station,char_raw,"GROUP OF 2 WHITE FLASH IN 15 SEC ( FL-0.48, EC-3.27, FL-0.48, EC- 4","GROUP OF 2 WHITE FLASH IN 15 SEC ( FL-0.48, EC-3.27, FL-0.48, EC-10.77)"
puducherry-lighthouse-and-dgps-station,group,"1","2"
puducherry-lighthouse-and-dgps-station,phases,"[]","[0.48, 3.27, 0.48, 10.77]"
puducherry-lighthouse-and-dgps-station,flash_s,"None","0.48"
puducherry-lighthouse-and-dgps-station,range_geo_nm,"None","19"
puducherry-lighthouse-and-dgps-station,solar,"False","True"
pulicat-lighthouse-and-dgps-station,range_geo_nm,"None","19"
pulicat-lighthouse-and-dgps-station,solar,"False","True"
pulo-milow-lighthouse,solar,"False","True"
puri-lighthouse,elev_m,"5.2","30.2"
puri-lighthouse,tower_type,"None","Circular RCC Tower"
puri-lighthouse,tower_h_m,"None","25"
puri-lighthouse,tower_colour,"None","Black and White Bands"
puri-lighthouse,ais,"False","True"
puri-lighthouse,solar,"False","True"
rajapur-bay-lighthouse,alol,"F 0586","F0586"
rajapur-bay-lighthouse,flash_s,"0.41","0.4"
rajapur-bay-lighthouse,tower_colour,"Black and White Bands (Band","Black and White Bands (Band width 3.84m, Bottom band Black, No. of bands 5)"
rajapur-bay-lighthouse,ais,"False","True"
rajapur-bay-lighthouse,solar,"False","True"
ramayapatnam-lighthouse,alol,"None","0952.5"
ramayapatnam-lighthouse,tower_colour,"None","Red and White bands"
ramayapatnam-lighthouse,intensity_cd,"21000","221000"
ramayapatnam-lighthouse,solar,"False","True"
rameshwaram-dgps-station,solar,"False","True"
ratnagiri-town-and-dgps-station,alol,"F 0580","F0580"
ratnagiri-town-and-dgps-station,phases,"[0.41, 1.59]","[0.41, 1.59, 0.41, 7.59]"
ratnagiri-town-and-dgps-station,tower_colour,"Black and White Bands 3 Nos. of 4.9","Black and White Bands 3 Nos. of 4.9 m each (2 Black + 1 White), Bottom band: Black"
ratnagiri-town-and-dgps-station,solar,"False","True"
ravaport-lighthouse,alol,"None","0952.5"
ravaport-lighthouse,char_raw,"1sec+2sec ec+ Fl 1sec+2s ec","4 FL (W) every 20Seconds (Fl 1sec+2sec ec+ Fl 1sec+2sec ec+ Fl 1sec+2s ec + Fl 1sec+10sec ec)"
ravaport-lighthouse,group,"1","4"
ravaport-lighthouse,period,"1.0","20"
ravaport-lighthouse,phases,"[]","[1.0, 2.0, 1.0, 2.0, 1.0, 2.0, 1.0, 10.0]"
ravaport-lighthouse,tower_colour,"None","White"
ravaport-lighthouse,optic,"None","flasher"
rcs-dhuvav,tower_type,"None","GI trestle tower (Repeater Tower for automation)"
rcs-dhuvav,tower_colour,"None","3 Red and 2 White bands"
rosen-point-lighthouse,dgps,"True","False"
rosen-point-lighthouse,solar,"False","True"
rutland-lighthouse,char_raw,"Fl (3) W 15 Sec (fl 0.5,ec 1.5) x 2,fl 0.5,ec10.5","Fl (3) W 15 Sec (fl 0.5, ec 1.5) x 2, fl 0.5, ec 10.5"
rutland-lighthouse,phases,"[0.5, 1.5]","[0.5, 1.5, 0.5, 1.5, 0.5, 10.5]"
rutland-lighthouse,flash_s,"None","0.5"
rutland-lighthouse,solar,"False","True"
ruvapari-lighthouse,char_raw,"Fl (W) 12Sec. (0.5 + 11.5 = 12Sec) 5","Fl (W) 12Sec. (0.5 + 11.5 = 12Sec)"
ruvapari-lighthouse,solar,"False","True"
sacramento-lighthouse,alol,"None","0958"
sacramento-lighthouse,char_raw,"(Fl .0.2, ec 4.8 )","FL White in every 5 Seconds (Fl .0.2, ec 4.8 )"
sacramento-lighthouse,flash_s,"0.19","0.2"
sacramento-lighthouse,tower_colour,"None","Red and White spiral bands"
sagar-island-lighthouse,elev_m,"2.0","26"
sagar-island-lighthouse,tower_type,"None","Circular Cast Iron Tower"
sagar-island-lighthouse,tower_h_m,"None","24"
sagar-island-lighthouse,tower_colour,"None","Red and White Band"
sagar-island-lighthouse,solar,"False","True"
saiyad-rajpara-lighthouse,alol,"F 0430","F 0430-6"
saiyad-rajpara-lighthouse,char_raw,"Fl (W) 5Sec. (1 + 4 = 5Sec) 5","Fl (W) 5Sec. (1 + 4 = 5Sec)"
saiyad-rajpara-lighthouse,flash_s,"None","1"
samiyani-island-lighthouse-station,tower_type,"None","Round stone masonry tower"
samiyani-island-lighthouse-station,tower_colour,"None","White"
samiyani-island-lighthouse-station,optic,"None","flasher"
samiyani-north-island-lighthouse-station,alol,"F 0389","F0389"
samiyani-north-island-lighthouse-station,char_raw,"Flashing (Green) every3 secFL 0.5 sec+ EC 2.5 sec","Flashing (Green) every 3 sec FL 0.5 sec + EC 2.5 sec"
samiyani-north-island-lighthouse-station,colour,"W","G"
samiyani-north-island-lighthouse-station,flash_s,"None","0.5"
samiyani-north-island-lighthouse-station,tower_type,"None","Circular masonry tower"
samiyani-north-island-lighthouse-station,tower_colour,"None","Black & white alternate horizontal band"
samiyani-north-island-lighthouse-station,optic,"None","flasher"
santapalli-lighthouse,alol,"None","0980"
santapalli-lighthouse,char_raw,"(Fl 0.2 ec2.3 Fl0.2 ec7)","FL (2) White, every 10 Seconds (Fl 0.2 ec2.3 Fl0.2 ec7)"
santapalli-lighthouse,group,"1","2"
santapalli-lighthouse,period,"2.5","10"
santapalli-lighthouse,phases,"[0.2, 2.3]","[0.2, 2.3, 0.2, 7.0]"
satpati-lighthouse,char_raw,"Fl(2) w 20 Sec 5","Fl(2) w 20 Sec"
satpati-lighthouse,tower_colour,"Red & White band (3 Red","Red & White band (3 Red 2 White)"
satpati-lighthouse,solar,"False","True"
savaibet-lighthouse,char_raw,"Fl (4)W 30 sec.[(0.3+4.7)3+0.3 +14.7=30 sec.) 5","Fl (4)W 30 sec.[(0.3+4.7)3+0.3 +14.7=30 sec.)"
savaibet-lighthouse,phases,"[0.3, 4.7]","[0.3, 4.7, 0.3, 4.7, 0.3, 4.7, 0.3, 14.7]"
savaibet-lighthouse,flash_s,"None","0.3"
savaibet-lighthouse,solar,"False","True"
simar-lighthouse,char_raw,"Fl (W) 10Sec. (1 + 9 = 10Sec) 5","Fl (W) 10Sec. (1 + 9 = 10Sec)"
simar-lighthouse,flash_s,"None","1"
simar-lighthouse,tower_type,"Frame work tower, Red and","Frame work tower, Red and White bands"
sir-hugh-rose-lighthouse,char_raw,"Fl (1) W 7 Sec fl 0.35, ec 6.65","Fl (1) W 7 Sec (fl 0.35, ec 6.65)"
sir-hugh-rose-lighthouse,flash_s,"None","0.35"
sir-hugh-rose-lighthouse,optic,"None","flasher"
sir-hugh-rose-lighthouse,solar,"False","True"
sister-island-lighthouse,char_raw,"Fl (4) W 20 Sec. (fl 0.5, ec 1.5, fl 0.5, ec 1.5, fl 0.5, ec 1.5,fl0.51,ec 13.5)","Fl (4) W 20 Sec. (fl 0.5, ec 1.5, fl 0.5, ec 1.5, fl 0.5, ec 1.5, fl0.51, ec 13.5)"
sister-island-lighthouse,phases,"[0.5, 1.5]","[0.5, 1.5, 0.5, 1.5, 0.5, 1.5, 0.51, 13.5]"
sister-island-lighthouse,flash_s,"None","0.5"
sister-island-lighthouse,solar,"False","True"
south-button-lighthouse,flash_s,"None","1.0"
south-button-lighthouse,solar,"False","True"
south-sentinel-lighthouse,flash_s,"None","0.3"
south-sentinel-lighthouse,optic,"None","flasher"
south-sentinel-lighthouse,solar,"False","True"
st-george-island-lighthouse,char_raw,"Fl. WR (4) ev 20Sec. (fl. 0.5, ec 1.5, fl. 0.5, ec 1.5 fl. 0.5, ec 1.5 fl. 0.5, L.ec 13.5) (R 1850 to 2250= 400, W 2250 ","Fl. WR (4) ev 20Sec. (fl. 0.5, ec 1.5, fl. 0.5, ec 1.5 fl. 0.5, ec 1.5 fl. 0.5, L.ec 13.5)"
st-george-island-lighthouse,phases,"[0.5, 1.5]","[0.5, 1.5, 0.5, 1.5, 0.5, 1.5, 0.5, 13.5]"
st-george-island-lighthouse,dgps,"True","False"
st-george-island-lighthouse,solar,"False","True"
strait-island-lighthouse,char_raw,"Fl (3) W 20 Sec (fl 0.8, ec 1.2) x 2, fl 0.8, ec15.2","Fl (3) W 20 Sec (fl 0.8, ec 1.2) x 2, fl 0.8, ec 15.2"
strait-island-lighthouse,phases,"[0.8, 1.2]","[0.8, 1.2, 0.8, 1.2, 0.8, 15.2]"
strait-island-lighthouse,flash_s,"None","0.8"
strait-island-lighthouse,solar,"False","True"
suhelipar-lighthouse,alol,"F 0756","F-0756"
suhelipar-lighthouse,char_raw,"Fl (2) White 20Sec 5","Fl (2) White 20Sec"
suhelipar-lighthouse,tower_type,"LED flasher","Cast iron circular tower"
suhelipar-lighthouse,solar,"False","True"
surathkal-lighthouse-and-dgps-station,alol,"F 0660","F0660"
surathkal-lighthouse-and-dgps-station,char_raw,"Fl W 10 Sec. (Fl. 0.37, Ec. 9.63) 5","Fl W 10 Sec. (Fl. 0.37, Ec. 9.63)"
surathkal-lighthouse-and-dgps-station,tower_colour,"Red & White Bands – 5 Nos.","Red & White Bands – 5 Nos. (3 Red + 2 White)"
surathkal-lighthouse-and-dgps-station,ais,"False","True"
surathkal-lighthouse-and-dgps-station,solar,"False","True"
tadri-lighthouse,char_raw,"fl (3)W 20 Sec. 5","fl (3)W 20 Sec."
tadri-lighthouse,tower_colour,"Black and White bands (2 Black + 1","Black and White bands (2 Black + 1 White)"
tadri-lighthouse,solar,"False","True"
tajpur-lighthouse,alol,"F 1028.5","F1028.5"
tajpur-lighthouse,tower_type,"None","Rcc Circular Tower (Slip Form)"
tajpur-lighthouse,tower_h_m,"None","30"
tajpur-lighthouse,tower_colour,"None","Red And White Spiral Band"
tajpur-lighthouse,optic,"None","revolving"
tarapur-point-lighthouse,alol,"F 0491.5","F0491.5"
tarapur-point-lighthouse,char_raw,"Fl (3)W 30 Sec.(fl.0.4,ec 5.6,fl 0.4, ec.5.6, fl. 0.4, ec.17.6) 5","Fl (3)W 30 Sec.(fl.0.4,ec 5.6,fl 0.4, ec.5.6, fl. 0.4, ec.17.6)"
tarapur-point-lighthouse,phases,"[0.4, 5.6]","[0.4, 5.6, 0.4, 5.6, 0.4, 17.6]"
tarapur-point-lighthouse,flash_s,"1.39","0.4"
tarapur-point-lighthouse,tower_colour,"Black & White bands (5 Bands 4.45","Black & White bands (5 Bands 4.45 each)"
tarapur-point-lighthouse,solar,"False","True"
thangasseripoint-lighthouse,alol,"F 0712","F-0712"
thangasseripoint-lighthouse,elev_m,"43.0","38"
thangasseripoint-lighthouse,char_raw,"Groupflashofthreeinevery15Seconds. (0.2+2.8+0.2+2.8+0.2+8.8=15Sec)","Group flash of three in every 15 Seconds (0.2+2.8+0.2+2.8+0.2+8.8=15Sec)"
thangasseripoint-lighthouse,group,"1","3"
thangasseripoint-lighthouse,flash_s,"None","0.2"
thangasseripoint-lighthouse,tower_type,"CircularBrickmasonryTower","Circular Brick masonry Tower (Outside plastered in December 2002)"
thangasseripoint-lighthouse,tower_colour,"Red andWhite Spiralstrips","Red and White Spiral strips"
thangasseripoint-lighthouse,solar,"False","True"
thinnakara-lighthouse,char_raw,"4 Fl (W)5 sec","Fl (W)5 sec"
thinnakara-lighthouse,tower_type,"None","Square Masonry"
thinnakara-lighthouse,tower_h_m,"None","22"
thinnakara-lighthouse,solar,"False","True"
tillanchang-lighthouse,solar,"False","True"
tolkeshwar-point-lighthouse,phases,"[]","[0.35, 2.65, 0.35, 2.65, 0.35, 8.65]"
tolkeshwar-point-lighthouse,solar,"False","True"
tries-island-lighthouse,solar,"False","True"
umergam-lighthouse,char_raw,"Fl W 15 Sec. (fl. 0.33, ec. 14.67) 5","Fl W 15 Sec. (fl. 0.33, ec. 14.67)"
umergam-lighthouse,solar,"False","True"
uttan-point-lighthouse-and-dgps-station,char_raw,"Fl (2) W 15 Sec. (fl 0.25, ec 3.51, fl 0.25, ec 10.99) 5","Fl (2) W 15 Sec. (fl 0.25, ec 3.51, fl 0.25, ec 10.99)"
uttan-point-lighthouse-and-dgps-station,phases,"[0.25, 3.51]","[0.25, 3.51, 0.25, 10.99]"
uttan-point-lighthouse-and-dgps-station,flash_s,"0.7","0.25"
uttan-point-lighthouse-and-dgps-station,range_lum_nm,"None","24"
uttan-point-lighthouse-and-dgps-station,solar,"False","True"
vakalapudi-lighthouse,alol,"None","0964"
vakalapudi-lighthouse,tower_colour,"None","Red and White bands"
valiazheekal-lighthouse,alol,"F 0709","0709"
valiazheekal-lighthouse,char_raw,"Flash (3) White-20 seconds (1+2.5+1+2.5+1+12) 5","Flash (3) White-20 seconds (1+2.5+1+2.5+1+12)"
valiazheekal-lighthouse,flash_s,"None","1"
valiazheekal-lighthouse,solar,"False","True"
valiyakara-lighthouse,alol,"F 0755.6","F-0755.6"
valiyakara-lighthouse,char_raw,"Fl (1) White 15 Sec 5","Fl (1) White 15 Sec"
valiyakara-lighthouse,tower_type,"LED Flasher","Galvanized M S trestle tower"
valiyakara-lighthouse,solar,"False","True"
valsad-khadi-lighthouse,lon,"72.88888888888889","72.886667"
valsad-khadi-lighthouse,alol,"F 0480","F0480"
valsad-khadi-lighthouse,char_raw,"Fl(4)W 20 sec 5","Fl(4)W 20 sec"
valsad-khadi-lighthouse,range_lum_nm,"None","22"
valsad-khadi-lighthouse,solar,"False","True"
vanku-vts-repeater-station,tower_type,"None","GI 30M Trestle tower"
vanku-vts-repeater-station,tower_h_m,"None","30"
vanku-vts-repeater-station,solar,"False","True"
vembar-lighthouse,char_raw,"Flash (3) White Every 10 Seconds 5","Flash (3) White Every 10 Seconds"
vengurla-point-lighthouse,char_raw,"Flash red every 5sec. 5","Flash red every 5sec."
vengurla-point-lighthouse,solar,"False","True"
vengurla-rocks-lighthouse,alol,"F 0598","F0598"
vengurla-rocks-lighthouse,char_raw,"FI (2)W 20S 5","Fl (2)W 20S"
vengurla-rocks-lighthouse,solar,"False","True"
veraval-lighthouse,char_raw,"F l W15 Sec. (10+5=15 Sec) 5","F l W15 Sec. (10+5=15 Sec)"
veraval-lighthouse,kind,"F","Fl"
veraval-lighthouse,flash_s,"None","10"
veraval-lighthouse,tower_type,"Square Masonry Tower with Semi","Square Masonry Tower with Semi Circular Front"
veraval-lighthouse,tower_colour,"Black and White bands – 5 Nos.","Black and White bands - 5 Nos."
veraval-lighthouse,ais,"False","True"
veraval-lighthouse,solar,"False","True"
vizhinjam-lighthouse,alol,"F 0718","F-0718"
vizhinjam-lighthouse,char_raw,"Fl(White)- 15 seconds(FL- 0.55+ ec-14.5 sec)","Fl(White)- 15 seconds (FL- 0.55 + ec-14.5 sec)"
vizhinjam-lighthouse,phases,"[]","[0.55, 14.5]"
vizhinjam-lighthouse,range_lum_nm,"12.0","31"
vizhinjam-lighthouse,tower_type,"Circular Masonsry Tower","Circular Masonry Tower"
vizhinjam-lighthouse,intensity_cd,"None","6838000"
vizhinjam-lighthouse,solar,"False","True"
vodarevu-lighthouse,char_raw,"(Fl 0.6 +ec1.9 + Fl 0.6 + ec 11.9)","Gp FL (2) White, every 15 Seconds (Fl 0.6 +ec1.9 + Fl 0.6 + ec 11.9)"
vodarevu-lighthouse,group,"1","2"
vodarevu-lighthouse,period,"2.5","15"
vodarevu-lighthouse,phases,"[0.6, 1.9]","[0.6, 1.9, 0.6, 11.9]"
vodarevu-lighthouse,tower_colour,"None","Black and White bands"
vts-mcc-kandla,tower_type,"RCC ( cylindrical )","RCC (cylindrical) VTS Tower"
vts-mcc-kandla,tower_colour,"None","Red & White Alternate Horizontal Bands"
vts-radar-station-chudeshwar,tower_type,"RCC Circular","RCC Circular Tower"
vts-radar-station-chudeshwar,tower_colour,"4 Red &","4 Red & 3 White bands"
vts-radar-station-chudeshwar,solar,"False","True"
vypin-lighthouse,phases,"[]","[0.41, 2.92, 0.41, 2.92, 0.41, 2.92, 0.41, 9.6]"
wasi-borsi-lighthouse,char_raw,"fl W 7 Sec. (fl 0.54, ec 6.46) 5","fl W 7 Sec. (fl 0.54, ec 6.46)"
wasi-borsi-lighthouse,tower_type,"Square open frame R.C.C.Tower","Square open frame R.C.C. Tower"
wilson-island-lighthouse,char_raw,"Fl (2) W 20 Sec (fl 1.0,ec 3.0, fl 1, ec 15)","Fl (2) W 20 Sec (fl 1.0, ec 3.0, fl 1, ec 15)"
wilson-island-lighthouse,phases,"[1.0, 3.0]","[1.0, 3.0, 1.0, 15.0]"
wilson-island-lighthouse,flash_s,"None","1.0"
wilson-island-lighthouse,solar,"False","True"
