id	name	directorate	kind	alternate names
koteshwar-lighthouse-vts-station	Koteshwar Lighthouse & VTS station	Gandhidham (VTS)	lighthouse	Koteshwar
jakhau-lighthouse-and-vts-station	Jakhau Lighthouse and Vts Station	Gandhidham (VTS)	lighthouse	Jakhau
navlakhi-lighthouse	Navlakhi Lighthouse	Gandhidham (VTS)	lighthouse	Navlakhi
chhachhi-lighthouse-and-vts-station	Chhachhi Lighthouse And Vts Station	Gandhidham (VTS)	lighthouse	Chhachhi
bhadreshwar-vts-repeater-and-lighthouse-station	Bhadreshwar Vts Repeater And Lighthouse Station	Gandhidham (VTS)	lighthouse	Bhadreshwar Vts Repeater And
mandvi-lighthouse-vts-station	Mandvi Lighthouse & Vts Station	Gandhidham (VTS)	lighthouse	Mandvi
rawal-pir-lighthouse	Rawal Pir Lighthouse	Gandhidham (VTS)	lighthouse	Rawal Pir
navinal-lighthouse-and-vts-station	Navinal Lighthouse And Vts Station	Gandhidham (VTS)	lighthouse	Navinal
mungra-reef-lighthouse	Mungra Reef Lighthouse	Gandhidham (VTS)	lighthouse	Mungra Reef
jodiya-lighthouse	Jodiya Lighthouse	Gandhidham (VTS)	lighthouse	Jodiya
mawadi-point-beacon	Mawadi Point Beacon	Gandhidham (VTS)	lighthouse	
pirotan-lighthouse	Pirotan Lighthouse	Gandhidham (VTS)	lighthouse	Pirotan
chank-tapu-lighthouse	Chank Tapu Lighthouse	Gandhidham (VTS)	lighthouse	Chank Tapu
bural-reef-lighthouse	Bural Reef Lighthouse	Gandhidham (VTS)	lighthouse	Bural Reef
samiyani-north-island-lighthouse-station	Samiyani North Island Lighthouse Station	Gandhidham (VTS)	lighthouse	Samiyani North Island
samiyani-island-lighthouse-station	Samiyani Island Lighthouse Station	Gandhidham (VTS)	lighthouse	Samiyani Island
okha-lighthouse-dgps-and-vts-station	OKHA Lighthouse DGPS And VTS Station	Gandhidham (VTS)	lighthouse	OKHA
kalubhar-lighthouse	Kalubhar Lighthouse	Gandhidham (VTS)	lighthouse	Kalubhar
kachhigadh-lighthouse	Kachchigadh Lighthouse	Jamnagar	lighthouse	Kachchigadh
dwarka-point-lighthouse	Dwarka Point Lighthouse	Jamnagar	lighthouse	Dwarka Point
navadra-lighthouse	Navadra Lighthouse	Jamnagar	lighthouse	Navadra
dariapur-lighthouse	Dariapur Lighthouse	Kolkata	lighthouse	Dariapur
ruvapari-lighthouse	Ruvapari Lighthouse	Jamnagar	lighthouse	Ruvapari
perigee-light-vesselmain-light	Perigee Light Vessel(Main Light)	Jamnagar	lightvessel	
ghogha-lighthouse	Ghogha Lighthouse	Jamnagar	lighthouse	Ghogha
luhara-point-lighthouse	Luhara Point Lighthouse	Mumbai	lighthouse	Luhara Point
tajpur-lighthouse	Tajpur Lighthouse	Kolkata	lighthouse	Tajpur
porbandar-lighthouse	Porbandar Lighthouse	Jamnagar	lighthouse	Porbandar
piram-lighthouse	Piram Lighthouse	Jamnagar	lighthouse	Piram
navibandar-lighthouse	Navibandar Lighthouse	Jamnagar	lighthouse	Navibandar
alang-lighthouse	Alang Lighthouse	Jamnagar	lighthouse	Alang
gopnath-lighthouse-dgps-station	Gopnath Lighthouse & Dgps Station	Jamnagar	lighthouse	Gopnath; Gopnath Lighthouse &
jhanjhmer-lighthouse	Jhanjhmer Lighthouse	Jamnagar	lighthouse	Jhanjhmer
mangrol-lighthouse	Mangrol Lighthouse	Jamnagar	lighthouse	Mangrol
hazira-lighthouse-and-dgps-station	Hazira Lighthouse And D.G.P.S Station	Mumbai	lighthouse	Hazira
jegri-island-lighthouse	Jegri island Lighthouse	Jamnagar	lighthouse	Jegri island
wasi-borsi-lighthouse	Wasi Borsi Lighthouse	Mumbai	lighthouse	Wasi Borsi
veraval-lighthouse	Veraval Lighthouse	Jamnagar	lighthouse	Veraval
savaibet-lighthouse	Savaibet Lighthouse	Jamnagar	lighthouse	Savaibet
bhirbhanjan-lighthouse	Bhirbhanjan Lighthouse	Jamnagar	lighthouse	Bhirbhanjan
jafrabad-lighthouse	Jafrabad Lighthouse	Jamnagar	lighthouse	Jafrabad
kanai-creek-lighthouse	Kanai Creek Lighthouse	Mumbai	lighthouse	Kanai Creek
saiyad-rajpara-lighthouse	Saiyad Rajpara Lighthouse	Jamnagar	lighthouse	Saiyad Rajpara
simar-lighthouse	Simar Lighthouse	Jamnagar	lighthouse	Simar
nawabander-lighthouse	Nawabander Lighthouse	Jamnagar	lighthouse	Nawabander
diu-head-lighthouse	Diu-head Lighthouse	Jamnagar	lighthouse	Diu-head
valsad-khadi-lighthouse	Valsad Khadi Lighthouse	Mumbai	lighthouse	Valsad Khadi
false-point-lighthouse	False Point Lighthouse	Kolkata	lighthouse	False Point
paradeep-lighthouse	Paradeep Lighthouse	Kolkata	lighthouse	Paradeep
umergam-lighthouse	Umergam Lighthouse	Mumbai	lighthouse	Umergam
dahanu-lighthouse	Dahanu Lighthouse	Mumbai	lighthouse	Dahanu
chandrabhaga-lighthouse	Chandrabhaga Lighthouse	Kolkata	lighthouse	Chandrabhaga
tarapur-point-lighthouse	Tarapur Point Lighthouse	Mumbai	lighthouse	Tarapur Point
puri-lighthouse	Puri Lighthouse	Kolkata	lighthouse	Puri
satpati-lighthouse	Satpati Lighthouse	Mumbai	lighthouse	Satpati
prayagi-lighthouse	Prayagi Lighthouse	Kolkata	lighthouse	Prayagi
arnala-lighthouse	Arnala Lighthouse	Mumbai	lighthouse	Arnala
uttan-point-lighthouse-and-dgps-station	Uttan Point Lighthouse and DGPS Station	Mumbai	lighthouse	Uttan Point; Uttan Point Lighthouse and
gopalpur-lighthouse	Gopalpur Lighthouse	Kolkata	lighthouse	Gopalpur
baruva-lighthouse	Baruva Lighthouse	Kolkata	lighthouse	Baruva
prongs-reef-lighthouse	Prongs reef Lighthouse	Mumbai	lighthouse	Prongs reef
kanhoji-angre-lighthouse	Kanhoji Angre Lighthouse	Mumbai	lighthouse	Kanhoji Angre
chaul-kadu-lighthouse	Chaul kadu lighthouse	Mumbai	lighthouse	Chaul kadu
korlai-fort-lighthouse	Korlai Fort Lighthouse	Mumbai	lighthouse	Korlai Fort
kalingapatnam-lighthouse	Kalingapatnam Lighthouse	Kolkata	lighthouse	Kalingapatnam
nanwel-point-lighthouse	Nanwel Point Lighthouse	Mumbai	lighthouse	Nanwel Point
santapalli-lighthouse	Santapalli Lighthouse	Visakhapatnam	lighthouse	Santapalli
bheemlipatnam-lighthouse	Bheemlipatnam Lighthouse	Visakhapatnam	lighthouse	Bheemlipatnam
kelshi-lighthouse	Kelshi (Anjarle) Lighthouse	Mumbai	lighthouse	Kelshi (Anjarle)
harnai-lighthouse	Harnai Lighthouse	Mumbai	lighthouse	Harnai
dolphin-nose-lighthouse	Dolphin Nose Lighthouse	Visakhapatnam	lighthouse	Dolphin Nose
tolkeshwar-point-lighthouse	Tolkeshwar Point Lighthouse	Mumbai	lighthouse	Tolkeshwar Point
pudimadaka-lighthouse	Pudimadaka Lighthouse	Visakhapatnam	lighthouse	Pudimadaka
pentakota-lighthouse	Pentakota Lighthouse	Visakhapatnam	lighthouse	Pentakota
jaigarh-lighthouse	Jaigarh Lighthouse	Mumbai	lighthouse	Jaigarh
vakalapudi-lighthouse	Vakalapudi Lighthouse	Visakhapatnam	lighthouse	Vakalapudi
ratnagiri-town-and-dgps-station	Ratnagiri Town and DGPS Station	Mumbai	lighthouse	Ratnagiri Town and
rajapur-bay-lighthouse	Rajapur Bay Lighthouse	Mumbai	lighthouse	Rajapur Bay
sacramento-lighthouse	Sacramento Lighthouse	Visakhapatnam	lighthouse	Sacramento
ravaport-lighthouse	Ravaport Lighthouse	Visakhapatnam	lighthouse	Ravaport
devgad-lighthouse	Devgad Lighthouse	Goa	lighthouse	Devgad
antervedi-lighthouse	Antervedi Lighthouse	Visakhapatnam	lighthouse	Antervedi
machilipatnam-lighthouse	Machilipatnam Lighthouse	Visakhapatnam	lighthouse	Machilipatnam
achara-point-lighthouse	Achara Point Lighthouse	Goa	lighthouse	Achara Point
vengurla-rocks-lighthouse	Vengurla Rocks Lighthouse	Goa	lighthouse	Vengurla Rocks
nizampatnam-lighthouse	Nizampatnam Lighthouse	Visakhapatnam	lighthouse	Nizampatnam
vengurla-point-lighthouse	Vengurla Point Lighthouse	Goa	lighthouse	Vengurla Point
vodarevu-lighthouse	Vodarevu Lighthouse	Visakhapatnam	lighthouse	Vodarevu
nagayalanka-lighthouse	Nagayalanka Lighthouse	Visakhapatnam	lighthouse	Nagayalanka
aguada-lighthouse-and-dgps-station	Aguada Lighthouse And D.g.p.s Station	Goa	lighthouse	Aguada
st-george-island-lighthouse	The St. George Island Lighthouse	Goa	lighthouse	The St. George Island
betul-lighthouse	Betul Lighthouse	Goa	lighthouse	Betul
ramayapatnam-lighthouse	Ramayapatnam Lighthouse	Visakhapatnam	lighthouse	Ramayapatnam
oyster-rocks-lighthouse	The Oyster Rocks lighthouse	Goa	lighthouse	The Oyster Rocks
isakapalli-lighthouse	Isakapalli Lighthouse	Visakhapatnam	lighthouse	Isakapalli
belekeri-lighthouse	Belekeri Lighthouse	Goa	lighthouse	Belekeri
tadri-lighthouse	Tadri Lighthouse	Goa	lighthouse	Tadri
krishnapatnam-lighthouse	Krishnapatnam Lighthouse	Visakhapatnam	lighthouse	Krishnapatnam
honnavar-lighthouse	Honnavar Lighthouse	Goa	lighthouse	Honnavar
bhatkal-lighthouse	Bhatkal Lighthouse	Goa	lighthouse	Bhatkal
armagon-lighthouse	Armagon Lighthouse	Visakhapatnam	lighthouse	Armagon
kundapur-lighthouse	Kundapur Lighthouse	Goa	lighthouse	Kundapur
pulicat-lighthouse-and-dgps-station	Pulicat Lighthouse And DGPS Station	Chennai	lighthouse	Pulicat; Pulicat Lighthouse And
malpe-lighthouse	Malpe Lighthouse	Goa	lighthouse	Malpe
kaup-lighthouse	Kaup Lighthouse	Goa	lighthouse	Kaup
chennai-lighthouse	CHENNAI LIGHTHOUSE	Chennai	lighthouse	CHENNAI
surathkal-lighthouse-and-dgps-station	Surathkal Lighthouse and D.G.P.S Station	Goa	lighthouse	Surathkal
mahabalipuram-lighthouse	MAHABALIPURAM LIGHTHOUSE	Chennai	lighthouse	MAHABALIPURAM
kasargod-lighthouse	KASARGOD LIGHTHOUSE	Kochi	lighthouse	KASARGOD
kadapakkam-lighthouse	KADAPAKKAM LIGHTHOUSE	Chennai	lighthouse	KADAPAKKAM
mount-dilli-lighthouse	MOUNT DILLI LIGHTHOUSE	Kochi	lighthouse	MOUNT DILLI
puducherry-lighthouse-and-dgps-station	Puducherry Lighthouse And DGPS Station	Chennai	lighthouse	Puducherry; Puducherry Lighthouse And
kannur-lighthouse	Kannur Lighthouse	Kochi	lighthouse	Kannur
cuddalore-lighthouse	Cuddalore Lighthouse	Chennai	lighthouse	Cuddalore
mahe-lighthouse	Mahe Lighthouse	Kochi	lighthouse	Mahe
chetlat-lighthouse	CHETLAT LIGHTHOUSE	Kochi	lighthouse	CHETLAT
bitra-lighthouse	BITRA LIGHTHOUSE	Kochi	lighthouse	BITRA
portonovo-lighthouse-and-navtex-station	Portonovo Lighthouse And Navtex Station	Chennai	lighthouse	Portonovo
kiltan-lighthouse-north	KILTAN LIGHTHOUSE (NORTH)	Kochi	lighthouse	KILTAN
kiltan-lighthouse-south	KILTAN LIGHTHOUSE (SOUTH)	Kochi	lighthouse	KILTAN
kadalur-point-lighthouse	KADALUR POINT LIGHTHOUSE	Kochi	lighthouse	KADALUR POINT
kadamat-lighthouse	KADAMAT LIGHTHOUSE	Kochi	lighthouse	KADAMAT
beypore-lighthouse	BEYPORE LIGHTHOUSE	Kochi	lighthouse	BEYPORE
poompuhar-lighthouse	Poompuhar Lighthouse	Chennai	lighthouse	Poompuhar
amini-lighthouse	AMINI LIGHTHOUSE	Kochi	lighthouse	AMINI
thinnakara-lighthouse	THINNAKARA LIGHTHOUSE	Kochi	lighthouse	THINNAKARA
karaikal-lighthouse	KARAIKAL LIGHTHOUSE	Chennai	lighthouse	KARAIKAL
agatti-lighthouse	AGATTI LIGHTHOUSE	Kochi	lighthouse	AGATTI
androth-east-lighthouse	ANDROTH EAST LIGHTHOUSE	Kochi	lighthouse	ANDROTH EAST
androth-west-lighthouse	ANDROTH WEST LIGHTHOUSE	Kochi	lighthouse	ANDROTH WEST
ponnani-lighthouse	PONNANI LIGHTHOUSE	Kochi	lighthouse	PONNANI
nagapattinam-lighthouse-and-dgps-station	NAGAPATTINAM LIGHTHOUSE AND DGPS STATION	Chennai	lighthouse	NAGAPATTINAM; NAGAPATTINAM LIGHTHOUSE AND
kavaratti-lighthouse	KAVARATTI LIGHTHOUSE	Kochi	lighthouse	KAVARATTI
chetwai-lighthouse	Chetwai Lighthouse	Kochi	lighthouse	Chetwai
point-calimere-lighthouse	POINT CALIMERE LIGHTHOUSE	Chennai	lighthouse	POINT CALIMERE
kodikkarai-lighthouse	KODIKKARAI LIGHTHOUSE	Chennai	lighthouse	KODIKKARAI
mallipattinam-lighthouse	MALLIPATTINAM LIGHTHOUSE	Chennai	lighthouse	MALLIPATTINAM
azhikode-lighthouse-and-dgps-station	AZHIKODE LIGHTHOUSE AND DGPS STATION	Kochi	lighthouse	AZHIKODE; AZHIKODE LIGHTHOUSE AND
valiyakara-lighthouse	VALIYAKARA LIGHTHOUSE	Kochi	lighthouse	VALIYAKARA
kalpeni-lighthouse	Kalpeni Lighthouse	Kochi	lighthouse	Kalpeni
suhelipar-lighthouse	SUHELIPAR LIGHTHOUSE	Kochi	lighthouse	SUHELIPAR
ammapattinam-lighthouse	AMMAPATTINAM LIGHTHOUSE	Chennai	lighthouse	AMMAPATTINAM
vypin-lighthouse	VYPIN LIGHTHOUSE	Kochi	lighthouse	VYPIN
passipattinam-lighthouse	Passipattinam Lighthouse	Chennai	lighthouse	Passipattinam
manakkodam-lighthouse	Manakkodam Lighthouse	Kochi	lighthouse	Manakkodam
alappuzha-lighthouse	Alappuzha Lighthouse	Kochi	lighthouse	Alappuzha
olakuda-lighthouse	Olakuda Lighthouse	Chennai	lighthouse	Olakuda
pamban-lighthouse	Pamban Lighthouse	Chennai	lighthouse	Pamban
rameshwaram-dgps-station	Rameshwaram DGPS Station	Chennai	dgps	Rameshwaram
kilakkarai-lighthouse	Kilakkarai Lighthouse	Chennai	lighthouse	Kilakkarai
dhanushkodi-lighthouse	Dhanushkodi Lighthouse	Chennai	lighthouse	Dhanushkodi
valiazheekal-lighthouse	Valiazheekal Lighthouse	Kochi	lighthouse	Valiazheekal
vembar-lighthouse	Vembar Lighthouse	Chennai	lighthouse	Vembar
kovilthottam-lighthouse	Kovilthottam LIGHTHOUSE	Kochi	lighthouse	Kovilthottam
thangasseripoint-lighthouse	Thangasseripoint Lighthouse	Kochi	lighthouse	Thangasseripoint
pandiyan-tivu-lighthouse-and-dgps-station	Pandiyan Tivu Lighthouse And Dgps Station	Chennai	lighthouse	Pandiyan Tivu; Pandiyan Tivu Lighthouse And
anjengo-lighthouse	Anjengo Lighthouse	Kochi	lighthouse	Anjengo
vizhinjam-lighthouse	VIZHINJAM LIGHTHOUSE	Kochi	lighthouse	VIZHINJAM
manapad-point-lighthouse	Manapad Point Lighthouse	Chennai	lighthouse	Manapad Point
minicoy-north-lighthouse	Minicoy North Lighthouse	Kochi	lighthouse	Minicoy North
minicoy-south-lighthouse-dgps-station	Minicoy South Lighthouse & Dgps Station	Kochi	lighthouse	Minicoy South; Minicoy South Lighthouse &
kuthenkuli-lighthouse	Kuthenkuli Lighthouse	Chennai	lighthouse	Kuthenkuli
muttom-point-lighthouse-and-navtex-station	Muttom Point Lighthouse And Navtex Station	Chennai	lighthouse	Muttom Point
kanyakumari-lighthouse	Kanyakumari Lighthouse	Chennai	lighthouse	Kanyakumari
sagar-island-lighthouse	Sagar Island Lighthouse	Kolkata	lighthouse	Sagar Island
east-island-lighthouse-and-dgps-station	EAST ISLAND LIGHTHOUSE AND DGPS STATION	Port Blair	lighthouse	EAST ISLAND; EAST ISLAND LIGHTHOUSE AND
narcondum-lighthouse	NARCONDUM LIGHTHOUSE	Port Blair	lighthouse	NARCONDUM
port-cornwallis	Port Cornwallis	Port Blair	lighthouse	
aves-lighthouse	AVES LIGHTHOUSE	Port Blair	lighthouse	AVES
interview-lighthouse	INTERVIEW LIGHTHOUSE	Port Blair	lighthouse	INTERVIEW
north-button-lighthouse	NORTH BUTTON LIGHTHOUSE	Port Blair	lighthouse	NORTH BUTTON
middle-button-lighthouse	Middle Button Lighthouse	Port Blair	lighthouse	Middle Button
south-button-lighthouse	South Button Lighthouse	Port Blair	lighthouse	South Button
strait-island-lighthouse	Strait Island Lighthouse	Port Blair	lighthouse	Strait Island
wilson-island-lighthouse	Wilson Island Lighthouse	Port Blair	lighthouse	Wilson Island
andaman-strait-eastern-entrance-lighthouse	Andaman Strait Eastern Entrance Lighthouse	Port Blair	lighthouse	Andaman Strait Eastern Entrance
petrie-lighthouse	Petrie Lighthouse	Port Blair	lighthouse	Petrie
sir-hugh-rose-lighthouse	Sir Hugh Rose Lighthouse	Port Blair	lighthouse	Sir Hugh Rose
north-point-lighthouse	North Point Lighthouse	Port Blair	lighthouse	North Point
chidiyatapu-lighthouse	Chidiyatapu Lighthouse	Port Blair	lighthouse	Chidiyatapu
rutland-lighthouse	Rutland Lighthouse	Port Blair	lighthouse	Rutland
north-cinque-lighthouse	North Cinque Lighthouse	Port Blair	lighthouse	North Cinque
sister-island-lighthouse	SISTER ISLAND LIGHTHOUSE	Port Blair	lighthouse	SISTER ISLAND
north-brother-lighthouse	NORTH BROTHER LIGHTHOUSE	Port Blair	lighthouse	NORTH BROTHER
south-sentinel-lighthouse	SOUTH SENTINEL LIGHTHOUSE	Port Blair	lighthouse	SOUTH SENTINEL
little-andaman-lighthouse	LITTLE ANDAMAN LIGHTHOUSE	Port Blair	lighthouse	LITTLE ANDAMAN
keating-point-lighthouse-and-dgps-station	KEATING POINT LIGHTHOUSE AND DGPS STATION	Port Blair	lighthouse	KEATING POINT; KEATING POINT LIGHTHOUSE AND
battimalv-lighthouse	BATTIMALV LIGHTHOUSE	Port Blair	lighthouse	BATTIMALV
tillanchang-lighthouse	TILLANCHANG LIGHTHOUSE	Port Blair	lighthouse	TILLANCHANG
chowra-lighthouse	CHOWRA LIGHTHOUSE	Port Blair	lighthouse	CHOWRA
bampoka-lighthouse	BAMPOKA LIGHTHOUSE	Port Blair	lighthouse	BAMPOKA
katchal-east-lighthouse	KATCHAL EAST LIGHTHOUSE	Port Blair	lighthouse	KATCHAL EAST
cape-cannaught-lighthouse	CAPE CANNAUGHT LIGHTHOUSE	Port Blair	lighthouse	CAPE CANNAUGHT
katchal-west-lighthouse	KATCHAL WEST LIGHTHOUSE	Port Blair	lighthouse	KATCHAL WEST
tries-island-lighthouse	Tries Island Lighthouse	Port Blair	lighthouse	Tries Island
pulo-milow-lighthouse	PULO MILOW LIGHTHOUSE	Port Blair	lighthouse	PULO MILOW
menchal-lighthouse	Menchal Lighthouse	Port Blair	lighthouse	Menchal
kabra-island-lighthouse	Kabra Island Lighthouse	Port Blair	lighthouse	Kabra Island
koltapalm-lighthouse	Koltapalm Lighthouse	Port Blair	lighthouse	Koltapalm
campbellbay-dgps-station	Campbellbay-DGPS-Station	Port Blair	dgps	
rosen-point-lighthouse	Rosen Point Lighthouse	Port Blair	lighthouse	Rosen Point
indira-point-lighthouse	Indira Point Lighthouse	Port Blair	lighthouse	Indira Point
