id,name,characteristic,period_s,phases,flash_s,optic,optic_evidence,rpm,panels,sim_mode,sec_per_turn,turn_source,beam_width_deg,width_source,sectored,flags
achara-point-lighthouse,Achara Point Lighthouse,Flash(2) White every 06 sec,6,"[0.5, 1.0, 0.5, 4.0]",,flasher,"Optic: High efficiency LED flashing beacon, Marine Signal Lantern; Rotation Device NA; R.P.M. NA",,,flashing,,ledger: LED flasher / fixed optic,,,False,
agatti-lighthouse,AGATTI LIGHTHOUSE,Fl (30) W 30 sec,30,"[1.0, 29.0]",,flasher,LED lantern MBL 160 with MF-12 Electronic Flasher; no rotation device listed,,,flashing,,ledger: LED flasher / fixed optic,,,False,
aguada-lighthouse-and-dgps-station,Aguada Lighthouse And D.g.p.s Station,Flash 3 white every 20 sec.,20,"[0.41, 2.0, 0.41, 2.0, 0.41, 14.77]",0.41,revolving,Type: Revolving with cut & polished prisms; Rotation Device: Dual stepper motor (40 kg-cm); R.P.M. 3,3,3,revolving,20,ledger 3 rpm,7.33,ledger horizontal divergence,False,
alang-lighthouse,Alang Lighthouse,Fl W 3 Sec. (0.42+2.58=3 Sec.),3,"[0.42, 2.58]",0.42,revolving,Type: revolving; Pedestal: Mercury float; Rotation Device: Stepper motor; R.P.M. 5,5,,revolving,12,ledger 5 rpm,25.2,ledger horizontal divergence,False,
alappuzha-lighthouse,Alappuzha Lighthouse,Fl (1) W 15 sec (fl 0.8),15,"[0.8, 14.2]",0.8,revolving,Optic: Revolving Beacon; Rotation Device: Dual Stepper motor; R.P.M. 1,1,4,revolving,60,ledger 1 rpm,5,ledger horizontal divergence,False,
amini-lighthouse,AMINI LIGHTHOUSE,Fl (1) White 15Sec,15,"[0.95, 14.05]",,flasher,"Optic MBL-160, Type: LED Flasher",,,flashing,,ledger: LED flasher / fixed optic,,,False,
ammapattinam-lighthouse,AMMAPATTINAM LIGHTHOUSE,Two White Flashes for every 15 Second,15,"[0.5, 1.5, 0.5, 12.5]",0.5,revolving,Optic: LED Marine Rotating beacon VRB-25-LED; Rotation Device: Inbuilt stepper motor; R.P.M. 2 RPM,2,,revolving,30,ledger 2 rpm,6.0,implied by flash duration and rotation,False,
andaman-strait-eastern-entrance-lighthouse,Andaman Strait Eastern Entrance Lighthouse,Fl (1) W 5 Sec fl 0.9,5,"[0.9, 4.1]",0.9,flasher,Type: LED Flasher; R.P.M.: NA,,,flashing,,ledger: LED flasher / fixed optic,,,False,
androth-east-lighthouse,ANDROTH EAST LIGHTHOUSE,Fl (2) W 10 sec,10,"[0.7, 1.0, 0.7, 7.6]",,revolving,Type: rotating light beacon; Rotation Device: 02 nos MGM 150 electronic gearless & brushless motor (R.P.M. blank),,4,revolving,20.0,4 panels × 10 s,12.6,implied by flash duration and rotation,False,
androth-west-lighthouse,ANDROTH WEST LIGHTHOUSE,Fl (W) 15sec,15,"[0.95, 14.05]",,flasher,"Type: Flasher unit (LED), Sealite 65 W; Rotation Device and R.P.M. blank",,,flashing,,ledger: LED flasher / fixed optic,,,False,
anjengo-lighthouse,Anjengo Lighthouse,Fl (2) W 20 sec (fl 0.44+3.33+0.44+15.79 Sec),20,"[0.44, 3.33, 0.44, 15.79]",0.44,revolving,Type: Revolving Beacon; Rotation Device: Stepper motor (40 Kg cm); R.P.M. 3,3,2,revolving,20,ledger 3 rpm,2.4,ledger horizontal divergence,False,divergence 2.4° at 20 s/turn gives a 0.13 s flash; ledger says 0.44 s
antervedi-lighthouse,Antervedi Lighthouse,Flash (2) White every 15 Sec (FL0.4+ec3.4+FL0.4+ec10.8),15,"[0.4, 3.4, 0.4, 10.8]",0.41,revolving,Size: 300 mm (4th order) Revolving; Rotation Device: Twin stepper motor direct drive; Rotation Speed 02 RPM,2,4,revolving,30,ledger 2 rpm,4.97,ledger horizontal divergence,False,
armagon-lighthouse,Armagon Lighthouse,FL W 15Seconds (Fl 0.38. EC 14.62),15,"[0.38, 14.62]",0.38,revolving,Rotation Device: Brushless DC direct-drive motor (step by step); Rotation Speed 0.667 RPM,0.667,6,revolving,90,ledger 0.667 rpm,3,ledger horizontal divergence,False,
arnala-lighthouse,Arnala Lighthouse,FL 3 WR 15 Sec. (FL 0.83 Sec.),15,"[0.83, 1.5, 0.83, 1.5, 0.83, 9.51]",0.83,revolving,Rotation Device: motor drive brushless direct drive motor; R.P.M. 2,2,6,revolving,30,ledger 2 rpm,1.6,ledger horizontal divergence,True,divergence 1.6° at 30 s/turn gives a 0.13 s flash; ledger says 0.83 s
aves-lighthouse,AVES LIGHTHOUSE,"Fl (2) W 7 Sec (fl 1.0, ec 1.0, fl 1.0, ec 4.0)",7,"[1.0, 1.0, 1.0, 4.0]",1.0,flasher,Type: LED Flasher; Rotation Device: White Flashing Light; R.P.M. NA,,,flashing,,ledger: LED flasher / fixed optic,,,False,
azhikode-lighthouse-and-dgps-station,AZHIKODE LIGHTHOUSE AND DGPS STATION,Fl (3) W 20 sec,20,"[0.32, 2.0, 0.32, 2.0, 0.32, 15.04]",0.32,revolving,Type: Revolving Beacon; Rotation Device: Dual Stepper motor (20Kgcm); R.P.M. 3 RPM,3,3,revolving,20,ledger 3 rpm,7.64,ledger horizontal divergence,False,
bampoka-lighthouse,BAMPOKA LIGHTHOUSE,"Fl (1) W 20 Sec (fl 1, ec 2, fl 1, ec 16)",20,"[1.0, 2.0, 1.0, 16.0]",1,flasher,Type: LED Flasher; Rotation Device: White Flashing Light; R.P.M. NA,,,flashing,,ledger: LED flasher / fixed optic,,,False,
baruva-lighthouse,Baruva Lighthouse,FL (I) W 15 SEC,15,"[0.8, 14.2]",0.8,revolving,Optical Equipment: TRB 220 (Revolving); RPM 2,2,6,revolving,30,ledger 2 rpm,2.4,ledger horizontal divergence,False,ledger lists 6 panels; its rpm and rhythm imply 2 | divergence 2.4° at 30 s/turn gives a 0.20 s flash; ledger says 0.8 s
battimalv-lighthouse,BATTIMALV LIGHTHOUSE,"Fl (4) W 20 Sec (fl 0.5, ec 1, fl 0.5, ec 1, fl 0.5, ec 1, fl 0.5, ec 15)",20,"[0.5, 1.0, 0.5, 1.0, 0.5, 1.0, 0.5, 15.0]",0.5,flasher,Optic: Cut and Polished drum optic inside Lantern; Type: LED Flasher; R.P.M.: NA,,,flashing,,ledger: LED flasher / fixed optic,,,False,
belekeri-lighthouse,Belekeri Lighthouse,Fl. (3)White 10 sec.,10,"[0.7, 1.0, 0.7, 1.0, 0.7, 5.9]",,flasher,Optic: DRUM TYPE; Rotation Device -NA-; R.P.M. -NA-,,,flashing,,ledger: LED flasher / fixed optic,,,False,
betul-lighthouse,Betul Lighthouse,FL4 (W) 15S,15,"[0.95, 1.5, 0.95, 1.5, 0.95, 1.5, 0.95, 6.7]",,revolving,Type: Revolving; Rotation Device: Stepper motor; R.P.M. 4 RPM,4,3,revolving,15,ledger 4 rpm,22.8,implied by flash duration and rotation,False,ledger lists 3 panels; its rpm and rhythm imply 4
beypore-lighthouse,BEYPORE LIGHTHOUSE,Flash (2) White-15 Seconds,15,"[0.48, 3.27, 0.48, 10.77]",0.48,revolving,Optic: Revolving Beacon; Rotation Device: Dual Stepper motor; R.P.M. 2,2,4,revolving,30,ledger 2 rpm,7.6,ledger horizontal divergence,False,
bhadreshwar-vts-repeater-and-lighthouse-station,Bhadreshwar Vts Repeater And Lighthouse Station,"White 3 flash every 20 Sec [(fl 1s, ec 2s)X2, fl 1s, ec13s]",20,"[1.0, 2.0, 1.0, 2.0, 1.0, 13.0]",1,flasher,Type of Light (LED Flasher); Type of Light structure: Stationary LED Flashing Light,,,flashing,,ledger: LED flasher / fixed optic,,,False,
bhatkal-lighthouse,Bhatkal Lighthouse,"fl (2) W 20 Sec. (fl 0.23, Oc 4.77, fl 0.23, ec. 14.77)",20,"[0.23, 4.77, 0.23, 14.77]",0.7,revolving,Type: Revolving; Rotation Device: Dual Stepper Motor 40 Kgcm; R.P.M. 3,3,2,revolving,20,ledger 3 rpm,12.54,ledger horizontal divergence,True,divergence 12.54° at 20 s/turn gives a 0.70 s flash; ledger says 0.23 s
bheemlipatnam-lighthouse,Bheemlipatnam Lighthouse,3FL (W) every 15Seconds (FL 1+ EC 2+FL 1+EC 2+FL 1+EC8=15sec),15,"[1.0, 2.0, 1.0, 2.0, 1.0, 8.0]",1,flasher,"Type: LED Light Beacon; illuminant 12V, 18 W LED Light (Sea lite make SL155); no rotation device listed",,,flashing,,ledger: LED flasher / fixed optic,,,False,
bhirbhanjan-lighthouse,Bhirbhanjan Lighthouse,Fl R 10 Sec. (0.5+9.5=10 Sec),10,"[0.5, 9.5]",0.5,flasher,Rotation Device: N/A; R.P.M.: N/A; Illuminant: LED Light; Pedestal: M.S. Angle Iron,,,flashing,,ledger: LED flasher / fixed optic,,,False,
bitra-lighthouse,BITRA LIGHTHOUSE,Fl (2) White 10 Sec,10,"[0.7, 1.0, 0.7, 7.6]",,flasher,"Optic MBL-160, Type: LED Flasher",,,flashing,,ledger: LED flasher / fixed optic,,,False,
bural-reef-lighthouse,Bural Reef Lighthouse,Fl (W) 1.1Sec. (0.5 + 0.6 = 1.1Sec),1.1,"[0.5, 0.6]",0.5,flasher,Type of Light (LED Flasher): Marine LED Lantern; Operation: Flashing,,,flashing,,ledger: LED flasher / fixed optic,,,False,
campbellbay-dgps-station,Campbellbay-DGPS-Station,5,,,,,Optical equipment section blank,,,,,,,,False,
cape-cannaught-lighthouse,CAPE CANNAUGHT LIGHTHOUSE,"Fl (2) W 15 Sec (fl 0.5, ec 1, fl 0.5, ec 13)",15,"[0.5, 1.0, 0.5, 13.0]",0.5,flasher,Type: LED Flasher; Rotation Device: White Flashing Light; R.P.M. NA,,,flashing,,ledger: LED flasher / fixed optic,,,False,
chandrabhaga-lighthouse,Chandrabhaga Lighthouse,FL W 10 Sec,10,"[0.3, 9.7]",0.3,revolving,"Size: 4th order small, revolving; RPM 3; inverter for 'Rotation'",3,2,revolving,20,ledger 3 rpm,5.3,ledger horizontal divergence,False,
chank-tapu-lighthouse,Chank Tapu Lighthouse,Fl (W) 15Sec. (1 + 14 = 15Sec),15,"[1.0, 14.0]",1,flasher,Type of Light (LED Flasher); Operation- Flashing; Horizontal Divergence 360°,,,flashing,,ledger: LED flasher / fixed optic,,,False,
chaul-kadu-lighthouse,Chaul kadu lighthouse,"fl. R 3 Sec. (fl. 0.5, EC 2.5)",3,"[0.5, 2.5]",0.5,flasher,LED lantern Sealite SL-125/3; Pedestal: Fixed - Cast Iron; Rotation Device and R.P.M. '---',,,flashing,,ledger: LED flasher / fixed optic,,,False,
chennai-lighthouse,CHENNAI LIGHTHOUSE,White Group Flash (2) Every 2 Sec (0.57+1.93+0.57+6.93),10.0,"[0.57, 1.93, 0.57, 6.93]",0.57,revolving,Optic/Type: 3rd Order Revolving Optic; Rotation Device: Stepper Motor; R.P.M. 3,3,4,revolving,20.0,ledger 3 rpm,6,ledger horizontal divergence,False,
chetlat-lighthouse,CHETLAT LIGHTHOUSE,Fl (3) White 30 Sec,30,"[1.0, 2.0, 1.0, 2.0, 1.0, 23.0]",,flasher,"Optic MBL-160, Type: LED Flasher",,,flashing,,ledger: LED flasher / fixed optic,,,False,
chetwai-lighthouse,Chetwai Lighthouse,Fl (2) W 20 sec (fl0.46+2.2+0.46+16.88sec),20,"[0.46, 2.2, 0.46, 16.88]",0.46,revolving,Type: AGA Revolving Beacon; Rotation Device: Dual Stepper motor; R.P.M. 3/2,1.5,2,revolving,40,ledger 1.5 rpm,7.64,ledger horizontal divergence,False,ledger lists 2 panels; its rpm and rhythm imply 4
chhachhi-lighthouse-and-vts-station,Chhachhi Lighthouse And Vts Station,Fl (3)W 15 sec. [(0.35+2.15+0.35+2.15+0.35+9.65 =15 sec.)],15,"[0.35, 2.15, 0.35, 2.15, 0.35, 9.65]",0.35,revolving,B.B.T. France make 250 mm (4th order large) revolving type,,,revolving,15,one turn per period (no usable rpm or panel count),25.2,ledger horizontal divergence,False,
chidiyatapu-lighthouse,Chidiyatapu Lighthouse,"Fl (2) W 10 Sec. fl 0.8,ec 1.2, fl 0.8, ec 7.2",10,"[0.8, 1.2, 0.8, 7.2]",0.8,flasher,Type: LED Flasher; Rotation Device: White Flashing Light; R.P.M. NA,,,flashing,,ledger: LED flasher / fixed optic,,,False,
chowra-lighthouse,CHOWRA LIGHTHOUSE,"Fl (1) W 15 Sec (fl 0.5, ec 14.5)",15,"[0.5, 14.5]",0.5,flasher,Type: LED Flasher; Rotation Device: White Flashing Light; R.P.M. NA,,,flashing,,ledger: LED flasher / fixed optic,,,False,
cuddalore-lighthouse,Cuddalore Lighthouse,WHITE FLASH EVERY 5 SECS (FL 2.0 + EC 3.0),5,"[2.0, 3.0]",2.0,flasher,Type: LED FLASHER; Rotation Device '-'; R.P.M. '-',,,flashing,,ledger: LED flasher / fixed optic,,,False,
dahanu-lighthouse,Dahanu Lighthouse,fl W 05 Sec. (Fl 0.3 ),5,"[0.3, 4.7]",0.3,flasher,Type: LED Flasher; Rotation Device: 'WhiteFlashing Light'; R.P.M.: NA; Pedestal: GI pipe stand,,,flashing,,ledger: LED flasher / fixed optic,,,False,
dariapur-lighthouse,Dariapur Lighthouse,Flash 2 (W) 20 Sec,20,"[0.25, 2.0, 0.25, 17.5]",0.25,revolving,Size: 250 mm (4th Order) revolving; RPM 1.5; Pedestal: Mercury Float,1.5,4,revolving,40,ledger 1.5 rpm,2.28,ledger horizontal divergence,False,
devgad-lighthouse,Devgad Lighthouse,Group Flash(4) white for every 30Sec,30,"[0.7, 2.0, 0.7, 2.0, 0.7, 2.0, 0.7, 21.2]",0.7,revolving,Optic 3rd Order Small Revolving Optic; Rotation Device dual stepper motor; R.P.M. 2,2,4,revolving,30,ledger 2 rpm,8.36,ledger horizontal divergence,False,
dhanushkodi-lighthouse,Dhanushkodi Lighthouse,Fl (3) W 20 sec,20,"[0.75, 2.0, 0.75, 2.0, 0.75, 13.75]",0.75,revolving,Type: Revolving; Rotation Device: Stepper motor; R.P.M. 3 RPM,3,3,revolving,20,ledger 3 rpm,5.7,ledger horizontal divergence,False,
diu-head-lighthouse,Diu-head Lighthouse,Fl W 10 sec. 0.3+9.7=10 Sec.,10,"[0.3, 9.7]",0.3,revolving,Size: 700 mm (2nd order large) revolving type; Rotation Device: stepper motor direct drive; R.P.M. 1.5,1.5,,revolving,40,ledger 1.5 rpm,3.25,ledger horizontal divergence,False,
dolphin-nose-lighthouse,Dolphin Nose Lighthouse,FL.W. 10 Sec (Fl 0.33 Sec. Ec 9.67 Sec.),10,"[0.33, 9.67]",0.33,revolving,Size: 375 mm (3rd order small) Revolving; Rotation Device: Twin Stepper motor Direct Drive; Rotation Speed 3 RPM,3,1,revolving,20,ledger 3 rpm,5.95,ledger horizontal divergence,False,ledger lists 1 panels; its rpm and rhythm imply 2
dwarka-point-lighthouse,Dwarka Point Lighthouse,Fl (2)W 20 sec. (0.31+4.69+0.31+14.69=20sec.),20,"[0.31, 4.69, 0.31, 14.69]",0.31,revolving,Rotation Device: Stepper motor; R.P.M. 3; Pedestal: Mercury float,3,2,revolving,20,ledger 3 rpm,12.6,ledger horizontal divergence,False,
east-island-lighthouse-and-dgps-station,EAST ISLAND LIGHTHOUSE AND DGPS STATION,Fl (1) W 15 sec (fl 0.8),15,"[0.8, 14.2]",0.8,revolving,Pedestal: Mercury float; Rotation Device: Stepper motor; R.P.M. 1.333,1.333,3,revolving,45,ledger 1.333 rpm,1.24,ledger horizontal divergence,False,divergence 1.24° at 45 s/turn gives a 0.15 s flash; ledger says 0.8 s
false-point-lighthouse,False Point Lighthouse,Fl (2) W 20 Sec,20,"[0.25, 2.0, 0.25, 17.5]",0.25,revolving,"Size: 250 mm (4th order small), revolving; R.P.M. 3; Pedestal: Mercury Float",3,2,revolving,20,ledger 3 rpm,4.56,ledger horizontal divergence,False,
ghogha-lighthouse,Ghogha Lighthouse,Occulting Red 15 Sec. (11 + 4= 15 Sec.),15,"[11.0, 4.0]",11,flasher,"Make: B.B.T, Drum optic (fixed); Pedestal Fixed",,,flashing,,ledger: LED flasher / fixed optic,,,False,
gopalpur-lighthouse,Gopalpur Lighthouse,FL W 5 Sec.,5,"[0.25, 4.75]",0.25,revolving,"Size: 4th Order (large), revolving; RPM 3; Pedestal: Mercury Float",3,4,revolving,20,ledger 3 rpm,4.58,ledger horizontal divergence,False,
gopnath-lighthouse-dgps-station,Gopnath Lighthouse & Dgps Station,Fl (3) W 20sec (0.3+3.7)2+0.3+11.7=20Sec,20,"[0.3, 3.7, 0.3, 3.7, 0.3, 11.7]",0.3,revolving,300 mm (4th order) revolving type; stepper motor direct drive; R.P.M. 3,3,,revolving,20,ledger 3 rpm,21.0,ledger horizontal divergence,False,divergence 20.9998° at 20 s/turn gives a 1.17 s flash; ledger says 0.3 s
harnai-lighthouse,Harnai Lighthouse,fl R 05 Sec. (Fl 0.5 ),5,"[0.5, 4.5]",0.5,flasher,Rotation Device: RedFlashing Light; R.P.M. NA; Pedestal GI pipe stand; Illuminant LED Light,,,flashing,,ledger: LED flasher / fixed optic,,,False,
hazira-lighthouse-and-dgps-station,Hazira Lighthouse And D.G.P.S Station,"Fl (3)W 15 Sec. (fl. 0.4, ec. 2.10)(fl. 0.4,ec.2.10) (fl 0.4, ec. 9.60)",15,"[0.4, 2.1, 0.4, 2.1, 0.4, 9.6]",0.4,revolving,Type: Revolving; Rotation Device: Dual Stepper Motor 40 Kgcm; R.P.M. 2,2,6,revolving,30,ledger 2 rpm,12.54,ledger horizontal divergence,False,
honnavar-lighthouse,Honnavar Lighthouse,fl W 15 Sec.,15,"[0.1, 14.9]",0.1,revolving,Type: WM - RB 500 Marine Rotating Beacon; Rotation Device: 2 Nos. Stepper Motors; R.P.M. 0.67,0.67,3,revolving,90,ledger 0.67 rpm,1.65,ledger horizontal divergence,False,ledger lists 3 panels; its rpm and rhythm imply 6 | divergence 1.65° at 90 s/turn gives a 0.41 s flash; ledger says 0.1 s
indira-point-lighthouse,Indira Point Lighthouse,"Fl (2) W 20 Sec (fl 1.0, ec 3.0, fl 1, ec 15)",20,"[1.0, 3.0, 1.0, 15.0]",1.0,flasher,Type: LED Flasher; R.P.M.: NA,,,flashing,,ledger: LED flasher / fixed optic,,,False,
interview-lighthouse,INTERVIEW LIGHTHOUSE,"Fl (2) W 20 Sec (fl 1.0,ec 3.0, fl 1, ec 15)",20,"[1.0, 3.0, 1.0, 15.0]",1.0,flasher,Type: LED Flasher; Rotation Device 'White Flashing Light'; R.P.M. NA,,,flashing,,ledger: LED flasher / fixed optic,,,False,
isakapalli-lighthouse,Isakapalli Lighthouse,"Group Flash(2) White, every 10 Seconds (0.3+3.2+0.3+6.2) Sec",10,"[0.3, 3.2, 0.3, 6.2]",0.3,revolving,Size: 500mm (Rotating Beacon); Rotation Device: Stepper motor 20 kg-cm; Rotation Speed 3RPM,3,4,revolving,20,ledger 3 rpm,5.4,implied by flash duration and rotation,False,
jafrabad-lighthouse,Jafrabad Lighthouse,Fl W 10 Sec. (0.3 + 9.7 = 10 Sec.),10,"[0.3, 9.7]",0.3,revolving,Type: revolving; Rotation Device: Stepper motor; R.P.M. 2,2,,revolving,30,ledger 2 rpm,25.2,ledger horizontal divergence,False,divergence 25.1998° at 30 s/turn gives a 2.10 s flash; ledger says 0.3 s
jaigarh-lighthouse,Jaigarh Lighthouse,"GP fl (4) W every 20 Sec. (fl.0.25 ec.2.6, fl.0.25 ec.2.6, fl.0.25 ec.2.6, fl.0.25 ec.11.2)",20,"[0.25, 2.6, 0.25, 2.6, 0.25, 2.6, 0.25, 11.2]",0.25,revolving,Type: 2nd order revolving; Rotation Device: Dual Stepper Motor 40 Kgcm; R.P.M. 3,3,4,revolving,20,ledger 3 rpm,4.48,ledger horizontal divergence,False,
jakhau-lighthouse-and-vts-station,Jakhau Lighthouse and Vts Station,Fl W 10 sec. (0.3 flash+9.7eclipse =10 sec.),10,"[0.3, 9.7]",0.3,revolving,375mm (3rd order small) revolving type; Rotation device: electrically operated stepper motor; R.P.M 2,2,3,revolving,30,ledger 2 rpm,16.8,ledger horizontal divergence,False,divergence 16.7998° at 30 s/turn gives a 1.40 s flash; ledger says 0.3 s
jegri-island-lighthouse,Jegri island Lighthouse,Fl(2)W20 Sec. (0.3+3.7+0.3+15.7=20 Sec),20,"[0.3, 3.7, 0.3, 15.7]",0.3,revolving,Type: Revolaving; Rotation Device: Stepper Motor; R.P.M. 1.5,1.5,4,revolving,40,ledger 1.5 rpm,16.8,ledger horizontal divergence,False,divergence 16.7998° at 40 s/turn gives a 1.87 s flash; ledger says 0.3 s
jhanjhmer-lighthouse,Jhanjhmer Lighthouse,Fl(1)W10 Sec. (1+9=10 Sec),10,"[1.0, 9.0]",1,flasher,"Sealite make SL155 LED lantern on G.I. pedestal; Rotation Device '--', R.P.M. '--'",,,flashing,,ledger: LED flasher / fixed optic,,,False,
jodiya-lighthouse,Jodiya Lighthouse,Fl (W) 10Sec. (1 + 9 = 10Sec),10,"[1.0, 9.0]",1,flasher,"Marine LED Lantern NE-9A, Type of Light (LED Flasher), Operation: Flashing",,,flashing,,ledger: LED flasher / fixed optic,,,True,
kabra-island-lighthouse,Kabra Island Lighthouse,"Fl (3) W 20 Sec (fl 0.8,ec 1.2) x 2,fl 0.8,ec15.2",20,"[0.8, 1.2, 0.8, 1.2, 0.8, 15.2]",0.8,flasher,Type: LED Flasher; Rotation Device 'White Flashing Light'; R.P.M. NA,,,flashing,,ledger: LED flasher / fixed optic,,,False,
kachhigadh-lighthouse,Kachchigadh Lighthouse,Fl(4)W15 Sec. (0.4+1.5)3+0.4+8.9=15 Sec),15,"[0.4, 1.5, 0.4, 1.5, 0.4, 1.5, 0.4, 8.9]",0.4,revolving,Rotation Device: Stepper motor; R.P.M. 4; Pedestal: Mercury float,4,4,revolving,15,ledger 4 rpm,9,ledger horizontal divergence,False,
kadalur-point-lighthouse,KADALUR POINT LIGHTHOUSE,Fl (1) W 5 sec (fl 0.27),5,"[0.27, 4.73]",0.27,revolving,Type: Revolving Type; Rotation Device: Stepper motor; R.P.M. 3,3,4,revolving,20,ledger 3 rpm,4.3,ledger horizontal divergence,False,
kadamat-lighthouse,KADAMAT LIGHTHOUSE,Fl (4) White 20 Sec,20,"[1.0, 2.0, 1.0, 2.0, 1.0, 2.0, 1.0, 10.0]",,flasher,"Optic MBL-160, Type: LED Flasher",,,flashing,,ledger: LED flasher / fixed optic,,,False,
kadapakkam-lighthouse,KADAPAKKAM LIGHTHOUSE,"White, Group 3 Flash Every 20 Second",20,"[0.45, 4.55, 0.45, 4.55, 0.45, 9.55]",0.45,revolving,Rotation Device: Inbuilt stepper motor with drive; R.P.M. 3 RPM,3,8,revolving,20,ledger 3 rpm,8.1,implied by flash duration and rotation,False,ledger lists 8 panels; its rpm and rhythm imply 3
kalingapatnam-lighthouse,Kalingapatnam Lighthouse,FL (3) W 15 SEC,15,"[0.38, 1.5, 0.38, 1.5, 0.38, 10.86]",0.38,revolving,Optical Equipment: TRB 220 (Revolving); RPM 4,4,6,revolving,15,ledger 4 rpm,2.4,ledger horizontal divergence,False,ledger lists 6 panels; its rpm and rhythm imply 3 | divergence 2.4° at 15 s/turn gives a 0.10 s flash; ledger says 0.38 s
kalpeni-lighthouse,Kalpeni Lighthouse,GP.FL.3(W)EVERY 20SECS,20,"[0.53, 2.0, 0.53, 2.0, 0.53, 14.41]",0.53,revolving,Size: 300mm 4th revolving optic; Rotation Device: Stepper motor; R.P.M. 3 RPM,3,3,revolving,20,ledger 3 rpm,9.53,ledger horizontal divergence,False,
kalubhar-lighthouse,Kalubhar Lighthouse,Fl (3W) in 15Sec ((0.75 + 2.25)2 + 0.75 + 8.25 = 15Sec),15,"[0.75, 2.25, 0.75, 2.25, 0.75, 8.25]",0.75,flasher,Marine LED Lantern NE-9A with programmable flasher; no rotation device,,,flashing,,ledger: LED flasher / fixed optic,,,True,
kanai-creek-lighthouse,Kanai Creek Lighthouse,"fl (2) W 20 Sec. (fl 0.5, ec 3,fl 0.5, ec 16)",20,"[0.5, 3.0, 0.5, 16.0]",0.5,revolving,Type: WM-RB 500 Marine Rotating Beacon; Rotation Device 2 Nos. 12V DC Stepper Motors; R.P.M. 1.5,1.5,6,revolving,40,ledger 1.5 rpm,1.5,ledger horizontal divergence,False,ledger lists 6 panels; its rpm and rhythm imply 4
kanhoji-angre-lighthouse,Kanhoji Angre Lighthouse,fl (2) WR 10 Sec.,10,"[3.0, 1.0, 3.0, 3.0]",3.0,revolving,Make: Wealth Marine WM-RB 500 Marine rotating beacon; R.P.M. 3 (Rotation Device field '---'),3,6,revolving,20,ledger 3 rpm,4.48,ledger horizontal divergence,True,ledger lists 6 panels; its rpm and rhythm imply 4 | divergence 4.48° at 20 s/turn gives a 0.25 s flash; ledger says 3 s
kanyakumari-lighthouse,Kanyakumari Lighthouse,GROUP OF (2) W 20 sec (.66+3.38+.66+15.3=20 Se),20,"[0.66, 3.38, 0.66, 15.3]",0.66,revolving,Rotation Device: stepper motor with drive; R.P.M. 1.5 r.p.m,1.5,4,revolving,40,ledger 1.5 rpm,5.93,ledger horizontal divergence,False,
karaikal-lighthouse,KARAIKAL LIGHTHOUSE,Fl (2) W every10 sec,10,"[0.7, 1.0, 0.7, 7.6]",,revolving,"Optic: Rotating Beacon, TRB-220; Rotation Device 12v/DC Stepper motor; R.P.M. 3",3,4,revolving,20,ledger 3 rpm,12.6,implied by flash duration and rotation,False,
kasargod-lighthouse,KASARGOD LIGHTHOUSE,Fl (3) W 20 sec,20,"[1.0, 2.0, 1.0, 2.0, 1.0, 13.0]",,revolving,Optic: Revolving Beacon; Rotation Device: Brushless DC motor (gear less direct drive); R.P.M. 3,3,3,revolving,20,ledger 3 rpm,2.4,ledger horizontal divergence,False,divergence 2.4° at 20 s/turn gives a 0.13 s flash; ledger says 1 s
katchal-east-lighthouse,KATCHAL EAST LIGHTHOUSE,"Fl (1) W 5 Sec (fl 0.5, ec 4.5)",5,"[0.5, 4.5]",0.5,flasher,Type: LED Flasher; Rotation Device: White Flashing Light; R.P.M. NA,,,flashing,,ledger: LED flasher / fixed optic,,,False,
katchal-west-lighthouse,KATCHAL WEST LIGHTHOUSE,"Fl (3) W 15 Sec (fl 0.5, ec 1, fl 0.5, ec 1, fl 0.5, ec 11.5)",15,"[0.5, 1.0, 0.5, 1.0, 0.5, 11.5]",0.5,flasher,Type: LED Flasher; Rotation Device: 'White Flashing Light'; R.P.M.: NA,,,flashing,,ledger: LED flasher / fixed optic,,,False,
kaup-lighthouse,Kaup Lighthouse,"fl (3) W 20 Sec. (fl 0.25, ec 3.75, fl 0.25, ec 3.75, Fl 0.25, ec 11.75)",20,"[0.25, 3.75, 0.25, 3.75, 0.25, 11.75]",0.25,revolving,Type: Cut and Polished Revolving; Rotation Device: Dual Stepper Motor; R.P.M. 3,3,3,revolving,20,ledger 3 rpm,4.48,ledger horizontal divergence,False,
kavaratti-lighthouse,KAVARATTI LIGHTHOUSE,Fl (1) White 5 Sec (0.33+4.67 =5.0sec),5,"[0.33, 4.67]",0.33,revolving,Type: Revolving Beacon; Rotation Device stepper motor (20kg/cm); R.P.M. 6,6,2,revolving,10,ledger 6 rpm,8,ledger horizontal divergence,False,
keating-point-lighthouse-and-dgps-station,KEATING POINT LIGHTHOUSE AND DGPS STATION,"Fl (1) W 10 sec (fl 0.15, ec 9.85 sec)",10,"[0.15, 9.85]",0.15,revolving,"Type: Rotating Beacon; Rotation Device: Motor drive- 3Ph, electronically commuted 30 pole direct drive (R.P.M. blank)",,,revolving,10,one turn per period (no usable rpm or panel count),1.5,ledger horizontal divergence,False,divergence 1.5° at 10 s/turn gives a 0.04 s flash; ledger says 0.15 s
kilakkarai-lighthouse,Kilakkarai Lighthouse,Single white flash every 15 sec (0.1+14.9),15,"[0.1, 14.9]",0.1,revolving,Rotation Device: Brushless DC motor gearless direct drive; R.P.M. 4.0,4.0,1,revolving,15,ledger 4 rpm,2.4,ledger horizontal divergence,False,
kiltan-lighthouse-north,KILTAN LIGHTHOUSE (NORTH),Fl (2) W 15 sec,15,"[0.53, 1.5, 0.53, 12.44]",0.53,flasher,"Type: Electronic Flashing Unit; LED marine flashing lantern, 9 LED arranged in circular array",,,flashing,,ledger: LED flasher / fixed optic,,,False,
kiltan-lighthouse-south,KILTAN LIGHTHOUSE (SOUTH),Fl (1) W 10 sec,10,"[0.53, 9.47]",0.53,revolving,Type: Revolving type; Drive: Dual stepper motor; R.P.M. 3,3,2,revolving,20,ledger 3 rpm,0.68,ledger horizontal divergence,False,divergence 0.68° at 20 s/turn gives a 0.04 s flash; ledger says 0.53 s
kodikkarai-lighthouse,KODIKKARAI LIGHTHOUSE,Fl (1) W 10 sec (fl 0.22(F)+9.8),10,"[0.22, 9.8]",0.22,revolving,Optic: Revolving Beacon; Pedestal: Revolving; Rotation Device: stepper motor; R.P.M. 1 r.p.m,1,6,revolving,60,ledger 1 rpm,1.5,implied by flash duration and rotation,False,
koltapalm-lighthouse,Koltapalm Lighthouse,Fl (2) W 10 Sec (1+1+1+7=10 sec),10,"[1.0, 1.0, 1.0, 7.0]",1,flasher,Type: LED Flasher; Rotation Device: 'White Flashing Light'; R.P.M.: NA,,,flashing,,ledger: LED flasher / fixed optic,,,False,
korlai-fort-lighthouse,Korlai Fort Lighthouse,"fl. W 3 Sec. (fl. 1, ec 2)",3,"[1.0, 2.0]",0.95,revolving,Type: Revolving with acrylic flat Fresnel lenses; Rotation Device: Stepper Motor; R.P.M. 2.5,2.5,8,revolving,24,ledger 2.5 rpm,5.7,ledger horizontal divergence,False,
koteshwar-lighthouse-vts-station,Koteshwar Lighthouse & VTS station,"Fl (2)W15 sec [(fl 1s, ec 3s), fl 1s, ec10s]",15,"[1.0, 3.0, 1.0, 10.0]",1,flasher,Type of Light (LED Flasher); Type of Light structure: Stationary LED flashing light,,,flashing,,ledger: LED flasher / fixed optic,,,False,
kovilthottam-lighthouse,Kovilthottam LIGHTHOUSE,Fl (1) W 5 sec (FL.1 dfark 4sec),5,"[1.0, 4.0]",1,flasher,Size: 250mm 4th order Fixed; Pedestal: Fixed; Rotation Device and R.P.M. blank,,1,flashing,,ledger: LED flasher / fixed optic,,,False,
krishnapatnam-lighthouse,Krishnapatnam Lighthouse,Flash (3) White every 15 Sec. (FL0.48Sec. +ec2.02+Fl0.48 ec2.02 sec+ Fl0.48 +9.52sec),15,"[0.48, 2.02, 0.48, 2.02, 0.48, 9.52]",0.48,revolving,300 mm (4th order large) Revolving; Twin stepper motor direct drive; Rotation Speed 2 RPM,2,6,revolving,30,ledger 2 rpm,5.73,ledger horizontal divergence,False,
kundapur-lighthouse,Kundapur Lighthouse,fl (2)W 10 Sec.,10,"[0.1, 1.0, 0.1, 8.8]",0.1,revolving,WM – RB 500 Marine Rotating Beacon; Rotation Device: Dual Stepper Motor 40 Kg/cm; R.P.M. 3,3,4,revolving,20,ledger 3 rpm,1.65,ledger horizontal divergence,False,
kuthenkuli-lighthouse,Kuthenkuli Lighthouse,Fl (3) W 20 sec (fl 1.5) (1.5+2+1.5+2+1.5+11.5=20Sec),20,"[1.5, 2.0, 1.5, 2.0, 1.5, 11.5]",1.5,revolving,Rotation Device: 20KG Stepper motor with Drive Controller; R.P.M. 1.5,1.5,6,revolving,40,ledger 1.5 rpm,7.6,ledger horizontal divergence,False,
little-andaman-lighthouse,LITTLE ANDAMAN LIGHTHOUSE,fl (1) W 10 sec,10,"[0.25, 9.75]",0.25,revolving,"Type: Rotating Beacon; Rotation Device: Motor drive- 3Ph, electronically commuted 30 pole direct drive (R.P.M. blank)",,,revolving,10,one turn per period (no usable rpm or panel count),1.5,ledger horizontal divergence,False,divergence 1.5° at 10 s/turn gives a 0.04 s flash; ledger says 0.25 s
luhara-point-lighthouse,Luhara Point Lighthouse,fl W 15 Sec.(FL 0.5 Sec+14.5 Sec),15,"[0.5, 14.5]",0.5,revolving,Type: GRL-48MK-II gearless rotation; Rotation Device: 12V DC stepper motor; R.P.M. 1,1,4,revolving,60,ledger 1 rpm,3.0,implied by flash duration and rotation,False,
machilipatnam-lighthouse,Machilipatnam Lighthouse,"Gr. FL(3) W. 20 Seconds (F1 0.5, EC 2.0, F2 0.5, EC 2.0, F3 0.5, EC 14.5 sec.)",20,"[0.5, 2.0, 0.5, 2.0, 0.5, 14.5]",0.5,revolving,Rotation Speed: 3 RPM,3,3,revolving,20,ledger 3 rpm,9,ledger horizontal divergence,False,
mahabalipuram-lighthouse,MAHABALIPURAM LIGHTHOUSE,FL (1) W 10 Sec (fl 0.4),10,"[0.4, 9.6]",0.4,revolving,Type: Revolving; Rotation Device dual stepper motor assembly; R.P.M. 2 r.p.m,2,3,revolving,30,ledger 2 rpm,5.57,ledger horizontal divergence,False,
kannur-lighthouse,Kannur Lighthouse,Flash (1) W 10 sec (2.04+7.94),10,"[2.04, 7.94]",2.04,revolving,Rotation Device: Stepper motor; R.P.M. 1.5; Pedestal: Ball bearing,1.5,4,revolving,40,ledger 1.5 rpm,12.22,ledger horizontal divergence,False,
mallipattinam-lighthouse,MALLIPATTINAM LIGHTHOUSE,Fl (1) W 5 sec (fl 0.5),5,"[0.5, 4.5]",0.5,revolving,"Optic: Rotating beacon, MBR-300; Rotation Device: Inbuilt stepper motor with drive; R.P.M. 2 r.p.m",2,6,revolving,30,ledger 2 rpm,2.4,ledger horizontal divergence,False,
malpe-lighthouse,Malpe Lighthouse,Fl(White)3sec.,3,"[2.5, 0.5]",2.5,flasher,Optic: Drum optic; Rotation Device --; R.P.M. --,,1,flashing,,ledger: LED flasher / fixed optic,,,False,
manakkodam-lighthouse,Manakkodam Lighthouse,Fl (2) W 10 sec,10,"[0.64, 1.0, 0.64, 7.72]",0.64,revolving,Size: 300mm (4th order large) Revolving; Rotation Device: Stepper motor; R.P.M. 3,3,4,revolving,20,ledger 3 rpm,7.64,ledger horizontal divergence,False,
manapad-point-lighthouse,Manapad Point Lighthouse,Group Flash 2(White) every 10Sec's (F1: 0.187+sec.2.376+F1:0.187+sec.7.250),10,"[0.187, 2.376, 0.187, 7.25]",0.187,revolving,Type: Revolving Optic; Rotation Device: Stepper Motor with Drive controller; R.P.M. 6 RPM,6,2,revolving,10,ledger 6 rpm,6.73,ledger horizontal divergence,False,
mandvi-lighthouse-vts-station,Mandvi Lighthouse & Vts Station,"Group flash 3 white every 30 sec [(fl 1s, ec 5s)*2, fl 1s, ec 17s]",30,"[1.0, 5.0, 1.0, 5.0, 1.0, 17.0]",1,flasher,Type of Light structure: Stationary LED flashing light,,,flashing,,ledger: LED flasher / fixed optic,,,False,
mangrol-lighthouse,Mangrol Lighthouse,FL 2 (W) every (0.5+2+0.5+17=20s) 20Sec.,20,"[0.5, 2.0, 0.5, 17.0]",0.5,revolving,Rotation Device: Stepper motor; R.P.M. 1.5,1.5,4,revolving,40,ledger 1.5 rpm,9,ledger horizontal divergence,False,
mawadi-point-beacon,Mawadi Point Beacon,Fl (R) 10Sec. (1 + 9 = 10Sec),10,"[1.0, 9.0]",1,flasher,Type of Light (LED Flasher); Type of flasher: Marine LED Flasher,,,flashing,,ledger: LED flasher / fixed optic,,,False,
menchal-lighthouse,Menchal Lighthouse,Fl (1) W 10 Sec (fl 0.8),10,"[0.8, 9.2]",0.8,flasher,Type: LED Flasher; R.P.M.: NA,,,flashing,,ledger: LED flasher / fixed optic,,,False,
middle-button-lighthouse,Middle Button Lighthouse,"Fl (2) W 20 Sec (fl 1.0,ec 3.0, fl 1, ec 15)",20,"[1.0, 3.0, 1.0, 15.0]",1.0,flasher,Type: LED Flasher; Rotation Device: White Flashing Light; R.P.M. NA,,,flashing,,ledger: LED flasher / fixed optic,,,False,
minicoy-north-lighthouse,Minicoy North Lighthouse,Flash (2) white every 10 seconds.,10,"[0.7, 1.0, 0.7, 7.6]",,flasher,Make: MBL-160 Marine Flasher; Type: LED,,,flashing,,ledger: LED flasher / fixed optic,,,False,
minicoy-south-lighthouse-dgps-station,Minicoy South Lighthouse & Dgps Station,Fl (1) W 15 sec (0.66 + 14.34),15,"[0.66, 14.34]",0.66,revolving,Size: 920mm (1ST Order) Revolving; Rotation Device: Stepper motor; R.P.M. 4/3 RPM,1.333,3,revolving,45,ledger 1.333 rpm,2.49,ledger horizontal divergence,False,
mount-dilli-lighthouse,MOUNT DILLI LIGHTHOUSE,Fl (2) W 20 sec (fl 0.53) (0.53+1.97+0.53+16.97=20Seconds),20,"[0.53, 1.97, 0.53, 16.97]",0.53,revolving,Type: Revolving Beacon; Rotation Device: Stepper motor; R.P.M. 3 RPM (one revolution in 45 Sec),3,2,revolving,20,ledger 3 rpm,7.64,ledger horizontal divergence,False,
mungra-reef-lighthouse,Mungra Reef Lighthouse,Fl (2) W 15Sec. 0.75+1+0.75+12.5 = 15Sec.,15,"[0.75, 1.0, 0.75, 12.5]",0.75,flasher,"Navaid NE-9 LED Light Beacon, drum optic, Type of flasher: Auto-flash; Pedestal N/A",,,flashing,,ledger: LED flasher / fixed optic,,,True,
muttom-point-lighthouse-and-navtex-station,Muttom Point Lighthouse And Navtex Station,Single Fl (W) every 5 seconds,5,"[0.45, 4.55]",,revolving,Rotation Device: Inbuilt stepper motor with drive; R.P.M. 3 RPM; Pedestal: Mercury Float,3,4,revolving,20,ledger 3 rpm,5.57,ledger horizontal divergence,False,
nagapattinam-lighthouse-and-dgps-station,NAGAPATTINAM LIGHTHOUSE AND DGPS STATION,Flash (2) White in every 20 Seconds (0.5+2.0)+0.5+17.0),20,"[0.5, 2.0, 0.5, 17.0]",0.5,revolving,Optic/type: Rotating Beacon; Rotation device: stepper motor; RPM 1.5,1.5,2,revolving,40,ledger 1.5 rpm,2.4,ledger horizontal divergence,False,ledger lists 2 panels; its rpm and rhythm imply 4
nagayalanka-lighthouse,Nagayalanka Lighthouse,FL W EV. 15 Seconds (Fl 11.16+03.84= 15 sec.),15,"[11.16, 3.84]",1.16,revolving,Size: 700 mm (2nd order) revolving; Rotation Device: Stepper Motors; Rotation Speed 1 RPM,1,4,revolving,60,ledger 1 rpm,66.96,implied by flash duration and rotation,False,
nanwel-point-lighthouse,Nanwel Point Lighthouse,"fl (3) W 15 Sec. (FL 0.33, ec. 12.7 ) fl 0.33, ec. 2.17, fl 0.33, ec. 9.67)",25.53,"[0.33, 12.7, 0.33, 2.17, 0.33, 9.67]",0.52,revolving,Type: Revolving; Rotation Device: Dual Stepper Motor 40 Kgcm; R.P.M. 4,4,3,revolving,25.53,3 panels × 25.53 s,12.54,ledger horizontal divergence,False,"4 rpm = 15.0 s per turn, not a whole number of 25.53 s periods"
narcondum-lighthouse,NARCONDUM LIGHTHOUSE,"F (3)W 20 Sec (fl 0.8, ec 1.2) x 2, fl 0.8, ec15.2",20,"[0.8, 1.2, 0.8, 1.2, 0.8, 15.2]",0.8,flasher,Type: LED Flasher; Rotation Device: WhiteFlashing Light; R.P.M. NA,,,flashing,,ledger: LED flasher / fixed optic,,,False,
navadra-lighthouse,Navadra Lighthouse,Fl(3)W15 Sec. (0.4+1.5)2+0.4+10.8=15 Sec),15,"[0.4, 1.5, 0.4, 1.5, 0.4, 10.8]",0.4,revolving,Rotation Device: Stepper motor; R.P.M. 4,4,3,revolving,15,ledger 4 rpm,9,ledger horizontal divergence,False,
navibandar-lighthouse,Navibandar Lighthouse,Fl(1)W10 Sec. (1+9=10 Sec),10,"[1.0, 9.0]",1,flasher,Type: LED lantern; Rotation Device NIL; R.P.M. NIL,,,flashing,,ledger: LED flasher / fixed optic,,,False,
navinal-lighthouse-and-vts-station,Navinal Lighthouse And Vts Station,Gp Fl 2 (W) every 10 Second,10,"[0.7, 1.0, 0.7, 7.6]",,flasher,Optical Equipment: SL-155 With 9 degree elevation; Type of Light (LED Flasher); LED LANTERN,,,flashing,,ledger: LED flasher / fixed optic,,,False,
navlakhi-lighthouse,Navlakhi Lighthouse,Fl (W) 10Sec. (1 + 9 = 10Sec),10,"[1.0, 9.0]",1,flasher,Type of Light (LED Flasher); Lantern: 12NM MLB-200-13 marine LED lantern,,,flashing,,ledger: LED flasher / fixed optic,,,False,
nawabander-lighthouse,Nawabander Lighthouse,4Fl (W) 12Sec. (0.75 + 1)3 +0.75+6 = 12Sec,12,"[0.75, 1.0, 0.75, 1.0, 0.75, 1.0, 0.75, 6.0]",0.75,,"Only Make 'Sealite' given; type, rotation device and R.P.M. blank",,,flashing,,ledger does not state the optic,,,False,
nizampatnam-lighthouse,Nizampatnam Lighthouse,"Flash White, every 5Seconds (Fl 0.5 + ec4.5 = 5 sec.)",5,"[0.5, 4.5]",0.5,revolving,Rotation Device: Stepper motor 7 kg-cm (Gearless drive); Rotation Speed 1.5 RPM,1.5,8,revolving,40,ledger 1.5 rpm,4.56,ledger horizontal divergence,False,
north-brother-lighthouse,NORTH BROTHER LIGHTHOUSE,"Fl (2) W 20 Sec (fl 0.5, ec 4.5 ec, fl 0.5, ec 14.5)",20,"[0.5, 4.5, 0.5, 14.5]",0.5,flasher,Type: LED Flasher; Rotation Device: White Flashing Light; R.P.M. NA,,,flashing,,ledger: LED flasher / fixed optic,,,False,
north-button-lighthouse,NORTH BUTTON LIGHTHOUSE,Fl (1) W 10 Sec fl 0.8,10,"[0.8, 9.2]",0.8,flasher,Type: LED Flasher; Rotation Device: White Flashing Light; R.P.M. NA,,,flashing,,ledger: LED flasher / fixed optic,,,False,
north-cinque-lighthouse,North Cinque Lighthouse,"Fl (1) W 10 Sec. (fl 0.5,ec 9.5)",10,"[0.5, 9.5]",0.5,flasher,Type: LED Flasher; Rotation Device: 'White Flashing Light'; R.P.M.: NA,,,flashing,,ledger: LED flasher / fixed optic,,,False,
north-point-lighthouse,North Point Lighthouse,"fl (2) W 12 sec (fl 0.5, ec 1.0, fl 0.5, ec 10)",12,"[0.5, 1.0, 0.5, 10.0]",0.5,revolving,Rotation Device: Stepper motor; R.P.M. 2.5; Pedestal: Mercury float,2.5,4,revolving,24,ledger 2.5 rpm,0.38,ledger horizontal divergence,False,divergence 0.38° at 24 s/turn gives a 0.03 s flash; ledger says 0.5 s
okha-lighthouse-dgps-and-vts-station,OKHA Lighthouse DGPS And VTS Station,"Fl (3) W.25 sec.(Fl-1. 0.41, ec. 4.59, Fl-2.0.41, ec.4.59, Fl-3. 0.41, ec.14.59)",25,"[0.41, 4.59, 0.41, 4.59, 0.41, 14.59]",0.41,revolving,250 mm dia (4th order) revolving; Rotation device 20 kg.cm stepper motor; R.P.M 2.4,2.4,3,revolving,25,ledger 2.4 rpm,2.73,ledger horizontal divergence,False,
olakuda-lighthouse,Olakuda Lighthouse,Group Flash (2) White every 20 Seconds (0.75+2.0+0.75+16.5),20,"[0.75, 2.0, 0.75, 16.5]",0.75,flasher,Type: LED FLASHER; Rotation Device N/A; R.P.M. N/A,,,flashing,,ledger: LED flasher / fixed optic,,,False,
oyster-rocks-lighthouse,The Oyster Rocks lighthouse,"fl. W 10 Sec. (fl 0.25, ec 9.75)",10,"[0.25, 9.75]",0.25,revolving,Type: Revolving; Rotation Device: Dual Stepper Motor; R.P.M. 3,3,2,revolving,20,ledger 3 rpm,4.48,ledger horizontal divergence,False,
pamban-lighthouse,Pamban Lighthouse,Single White Flash in every 5 Seconds (0.9+4.1),5,"[0.9, 4.1]",0.9,flasher,Type: LED FLASHER; Rotation Device N/A; R.P.M. N/A,,,flashing,,ledger: LED flasher / fixed optic,,,False,
pandiyan-tivu-lighthouse-and-dgps-station,Pandiyan Tivu Lighthouse And Dgps Station,Flashing white every 10sec,10,"[0.5, 9.5]",0.5,revolving,Rotation Device: 20 kg/cm Stepper motor; R.P.M. 3; pedestal on journal and thrust bearings,3,2,revolving,20,ledger 3 rpm,7.2,ledger horizontal divergence,False,
paradeep-lighthouse,Paradeep Lighthouse,Fl (3) W 30 Sec.,30,"[0.75, 2.0, 0.75, 2.0, 0.75, 23.75]",0.75,revolving,Optical equipment: TRB 220 (Revolving); RPM 2,2,6,revolving,30,ledger 2 rpm,2.4,ledger horizontal divergence,False,ledger lists 6 panels; its rpm and rhythm imply 3 | divergence 2.4° at 30 s/turn gives a 0.20 s flash; ledger says 0.75 s
passipattinam-lighthouse,Passipattinam Lighthouse,Fl (3) W every10 sec (0.5+1.5+0.3+1.5+0.3+6.1=10),10,"[0.5, 1.5, 0.3, 1.5, 0.3, 6.1]",0.5,revolving,"Type: Revolving, Model VRB-25-LED; R.P.M. 3 r.p.m (Rotation Device '-')",3,6,revolving,20,ledger 3 rpm,3.04,ledger horizontal divergence,False,
pentakota-lighthouse,Pentakota Lighthouse,"Fl. W 15 Sec. (Fl. 1.5 +, ec. 13.5= 15 sec.)",15,"[1.5, 13.5]",1.5,revolving,150 mm (6th order) revolving; twin stepper motor direct drive; Rotation Speed 1 RPM,1,4,revolving,60,ledger 1 rpm,7.5,ledger horizontal divergence,False,
perigee-light-vesselmain-light,Perigee Light Vessel(Main Light),Fl (W) 7Sec. (0.5 + 6.5 = 7Sec),7,"[0.5, 6.5]",0.5,flasher,Type: LED Lantern; Illuminant 12V/20W LED Lantern; Rotation Device and R.P.M. blank,,,flashing,,ledger: LED flasher / fixed optic,,,False,
petrie-lighthouse,Petrie Lighthouse,"Fl (1) W 7 Sec fl 1.0, ec 6",7,"[1.0, 6.0]",1.0,flasher,Type: LED Flasher; R.P.M.: NA,,,flashing,,ledger: LED flasher / fixed optic,,,False,
piram-lighthouse,Piram Lighthouse,Fl(2)W10 Sec. (0.3+2.2+0.3+7.2=10 Sec),10,"[0.3, 2.2, 0.3, 7.2]",0.3,revolving,Type: 300 mm (4th order) revolving type; Rotation Device: Stepper motor; R.P.M. 3,3,4,revolving,20,ledger 3 rpm,21.0,ledger horizontal divergence,False,divergence 20.9998° at 20 s/turn gives a 1.17 s flash; ledger says 0.3 s
pirotan-lighthouse,Pirotan Lighthouse,Fl W 20 sec. (0.4+19.6 = 20 sec.),20,"[0.4, 19.6]",0.4,revolving,Size: 500 mm (3rd order large) revolving type; Rotation device: stepper motor; R.P.M.: 3,3,2,revolving,20,ledger 3 rpm,12.6,ledger horizontal divergence,False,ledger lists 2 panels; its rpm and rhythm imply 1
point-calimere-lighthouse,POINT CALIMERE LIGHTHOUSE,Fl (3) W 10 sec (0.3f +1.5+0.3f+1.5+0.3f+6.1)sec,10,"[0.3, 1.5, 0.3, 1.5, 0.3, 6.1]",0.3,flasher,"Type: LED Flasher; illuminant 90 watts LED Flasher, 2 Array LED Flasher; Rotation Device and R.P.M. blank",,,flashing,,ledger: LED flasher / fixed optic,,,False,
ponnani-lighthouse,PONNANI LIGHTHOUSE,Single Flash White - 15 sec (0.48+14.52=15 sec),15,"[0.48, 14.52]",0.48,revolving,Optic: Revolving; Rotation Device: Dual Stepper motor; R.P.M. 2,2,2,revolving,30,ledger 2 rpm,3.8,ledger horizontal divergence,False,
poompuhar-lighthouse,Poompuhar Lighthouse,Flash(4) every 15 seconds (0.35+2.2+0.35+2.2+0.35+2.2+0.35+7.0=15sec),15,"[0.35, 2.2, 0.35, 2.2, 0.35, 2.2, 0.35, 7.0]",0.35,revolving,"Optic: Rotating beacon, MBR-300; Rotation Device: Inbuilt stepper motor with drive; R.P.M. 4",4,6,revolving,15,ledger 4 rpm,2.4,ledger horizontal divergence,False,ledger lists 6 panels; its rpm and rhythm imply 4 | divergence 2.4° at 15 s/turn gives a 0.10 s flash; ledger says 0.35 s
porbandar-lighthouse,Porbandar Lighthouse,Fl(1)W5 Sec. (0.25+4.75=5 Sec),5,"[0.25, 4.75]",0.25,revolving,Rotation Device: Stepper motor; R.P.M. 2,2,6,revolving,30,ledger 2 rpm,9,ledger horizontal divergence,False,
port-cornwallis,Port Cornwallis,"Fl (2) W 20 Sec (fl 1.0, ec 3.0, fl 1, ec 15)",20,"[1.0, 3.0, 1.0, 15.0]",1.0,flasher,Type: LED Flasher; Rotation Device: White Flashing Light; R.P.M. NA,,,flashing,,ledger: LED flasher / fixed optic,,,False,
portonovo-lighthouse-and-navtex-station,Portonovo Lighthouse And Navtex Station,Single FL.W. every 15 Sec,15,"[0.95, 14.05]",,revolving,Type: Rotating Beacon; Rotation Device: In built DC Motor; R.P.M. 4,4,6,revolving,15,ledger 4 rpm,9.8,ledger horizontal divergence,False,ledger lists 6 panels; its rpm and rhythm imply 1
prayagi-lighthouse,Prayagi Lighthouse,GR FL (2) W 10 SEC,10,"[0.2, 1.0, 0.2, 8.6]",0.2,revolving,Optical Equipment TRB 220; RPM 3,3,3,revolving,20,ledger 3 rpm,2.4,ledger horizontal divergence,False,ledger lists 3 panels; its rpm and rhythm imply 4
prongs-reef-lighthouse,Prongs reef Lighthouse,Fl W 10 Sec.,10,"[0.27, 9.73]",0.27,revolving,Optic: Marine Rotating Beacon; Rotation Device: 2 Nos. Stepper Motors; R.P.M. 1,1,6,revolving,60,ledger 1 rpm,1.5,ledger horizontal divergence,False,
pudimadaka-lighthouse,Pudimadaka Lighthouse,Fl. (2) W 15 Sec. (0.4+ 3.4 +0.4 +10.8 =15 sec.),15,"[0.4, 3.4, 0.4, 10.8]",0.4,revolving,Size: 300 mm (4th order Large) revolving; Rotation Device: Twin Stepper motor Direct Drive system; Rotation Speed 2 RPM,2,4,revolving,30,ledger 2 rpm,4.58,ledger horizontal divergence,False,
puducherry-lighthouse-and-dgps-station,Puducherry Lighthouse And DGPS Station,"GROUP OF 2 WHITE FLASH IN 15 SEC ( FL-0.48, EC-3.27, FL-0.48, EC-10.77)",15,"[0.48, 3.27, 0.48, 10.77]",0.48,revolving,Type: Revolving; Rotation Device: DC Stepper motor; R.P.M. 2 RPM,2,4,revolving,30,ledger 2 rpm,5.73,ledger horizontal divergence,False,
pulicat-lighthouse-and-dgps-station,Pulicat Lighthouse And DGPS Station,Single FL (1) WHITE Every 5 Seconds (0.25 + 4.75),5,"[0.25, 4.75]",0.25,revolving,Optic: Rotating Beacon; Rotation Device: Brushless DC Direct-Drive motor; R.P.M. 2,2,6,revolving,30,ledger 2 rpm,3.0,implied by flash duration and rotation,False,
pulo-milow-lighthouse,PULO MILOW LIGHTHOUSE,Fl (1) W 15 Sec (fl 1.0),15,"[1.0, 14.0]",1.0,flasher,Type: LED Flasher; Rotation Device 'White Flashing Light'; R.P.M. NA,,,flashing,,ledger: LED flasher / fixed optic,,,False,
puri-lighthouse,Puri Lighthouse,FL (3) W 20 SEC,20,"[0.11, 2.0, 0.11, 2.0, 0.11, 15.67]",0.11,revolving,Optical Equipment: TRB 220 (Revolving); RPM 3,3,6,revolving,20,ledger 3 rpm,2.4,ledger horizontal divergence,False,ledger lists 6 panels; its rpm and rhythm imply 3
rajapur-bay-lighthouse,Rajapur Bay Lighthouse,"F1 W 15 Sec. (FL 0.4, sec. 14.6)",15,"[0.4, 14.6]",0.4,revolving,300 mm (4th order large) revolving; Rotation Device: Stepper motor; R.P.M. 2,2,2,revolving,30,ledger 2 rpm,4.97,ledger horizontal divergence,False,
ramayapatnam-lighthouse,Ramayapatnam Lighthouse,Single Flash every 10 Sec.,10,"[0.7, 9.3]",,revolving,Type: MBR-300 Marine Rotating Beacon; Rotation Speed 1 RPM,1,6,revolving,60,ledger 1 rpm,4.2,implied by flash duration and rotation,False,
rameshwaram-dgps-station,Rameshwaram DGPS Station,5,,,,,Optic: N/A,,,,,,,,False,
ratnagiri-town-and-dgps-station,Ratnagiri Town and DGPS Station,Gr. fl W (2) White every 10 Sec. (Fl.0.41 + ec 1.59 + Fl 0.41 + ec 7.59 = 10 Sec.),10,"[0.41, 1.59, 0.41, 7.59]",0.41,revolving,Rotation Device: Dual Stepper Motor 40 Kg/cm2 with auto changeover; R.P.M. 3; Pedestal: Mercury float,3,4,revolving,20,ledger 3 rpm,8.36,ledger horizontal divergence,False,
ravaport-lighthouse,Ravaport Lighthouse,4 FL (W) every 20Seconds (Fl 1sec+2sec ec+ Fl 1sec+2sec ec+ Fl 1sec+2s ec + Fl 1sec+10sec ec),20,"[1.0, 2.0, 1.0, 2.0, 1.0, 2.0, 1.0, 10.0]",1,flasher,Light Beacon (flashing): LED Light Beacon SL-155 on 1.2m G.I pedestal; no rotation device listed,,,flashing,,ledger: LED flasher / fixed optic,,,False,
rosen-point-lighthouse,Rosen Point Lighthouse,Fl (1) W 10 Sec (fl 0.8),10,"[0.8, 9.2]",0.8,flasher,Type: LED Flasher; Rotation Device 'White Flashing Light'; R.P.M. NA,,,flashing,,ledger: LED flasher / fixed optic,,,False,
rutland-lighthouse,Rutland Lighthouse,"Fl (3) W 15 Sec (fl 0.5, ec 1.5) x 2, fl 0.5, ec 10.5",15,"[0.5, 1.5, 0.5, 1.5, 0.5, 10.5]",0.5,flasher,Type: LED Flasher; Rotation Device: White Flashing Light; R.P.M. NA,,,flashing,,ledger: LED flasher / fixed optic,,,False,
ruvapari-lighthouse,Ruvapari Lighthouse,Fl (W) 12Sec. (0.5 + 11.5 = 12Sec),12,"[0.5, 11.5]",0.5,flasher,Illuminant: SL 155 LED LANTERN; Rotation Device and R.P.M. blank,,,flashing,,ledger: LED flasher / fixed optic,,,False,
sacramento-lighthouse,Sacramento Lighthouse,"FL White in every 5 Seconds (Fl .0.2, ec 4.8 )",5,"[0.2, 4.8]",0.2,revolving,500 mm 3rd Order large Revolving; Twin Stepper motor Direct Drive system; Rotation Speed 6 RPM,6,2,revolving,10,ledger 6 rpm,7.2,implied by flash duration and rotation,True,
sagar-island-lighthouse,Sagar Island Lighthouse,FL (W) in every 3 Sec,3,"[0.3, 2.7]",0.3,revolving,RPM 7; mercury float pedestal,7,8,revolving,24.0,8 panels × 3 s,4.35,ledger horizontal divergence,False,"7 rpm = 8.6 s per turn, not a whole number of 3 s periods"
saiyad-rajpara-lighthouse,Saiyad Rajpara Lighthouse,Fl (W) 5Sec. (1 + 4 = 5Sec),5,"[1.0, 4.0]",1,,Optical equipment section left blank,,,flashing,,ledger does not state the optic,,,False,
samiyani-island-lighthouse-station,Samiyani Island Lighthouse Station,Flashing (W) every5 sec,5,"[0.45, 4.55]",,flasher,"Optical equipment: Sealite SL-155 2.5D lantern, 'White flash every5 sec'; battery/solar powered, no rotation device",,,flashing,,ledger: LED flasher / fixed optic,,,True,
samiyani-north-island-lighthouse-station,Samiyani North Island Lighthouse Station,Flashing (Green) every 3 sec FL 0.5 sec + EC 2.5 sec,3,"[0.5, 2.5]",0.5,flasher,"Optical Equipment: LED Lantern, Sealite SL-125-2",,,flashing,,ledger: LED flasher / fixed optic,,,False,
santapalli-lighthouse,Santapalli Lighthouse,"FL (2) White, every 10 Seconds (Fl 0.2 ec2.3 Fl0.2 ec7)",10,"[0.2, 2.3, 0.2, 7.0]",0.2,revolving,500 mm 3rd Order Large Revolving; twin stepper motor direct drive; Rotation Speed 6 RPM,6,2,revolving,10,ledger 6 rpm,7.2,implied by flash duration and rotation,False,
satpati-lighthouse,Satpati Lighthouse,Fl(2) w 20 Sec,20,"[0.267, 2.0, 0.267, 17.47]",0.267,revolving,Type: Tideland TRB-220 Marine Rotating Beacon; Rotation Device: Stepper Motor gearless direct drive; R.P.M. 1.5,1.5,4,revolving,40,ledger 1.5 rpm,2.4,ledger horizontal divergence,False,
savaibet-lighthouse,Savaibet Lighthouse,Fl (4)W 30 sec.[(0.3+4.7)3+0.3 +14.7=30 sec.),30,"[0.3, 4.7, 0.3, 4.7, 0.3, 4.7, 0.3, 14.7]",0.3,revolving,Type: Revolving; Rotation Device: Stepper motor; R.P.M. 2,2,4,revolving,30,ledger 2 rpm,4.55,ledger horizontal divergence,False,
simar-lighthouse,Simar Lighthouse,Fl (W) 10Sec. (1 + 9 = 10Sec),10,"[1.0, 9.0]",1,,,,,flashing,,ledger does not state the optic,,,False,
sir-hugh-rose-lighthouse,Sir Hugh Rose Lighthouse,"Fl (1) W 7 Sec (fl 0.35, ec 6.65)",7,"[0.35, 6.65]",0.35,flasher,Type: LED Flasher; 300 mm Acrylic drum optic; R.P.M. NA,,,flashing,,ledger: LED flasher / fixed optic,,,False,
sister-island-lighthouse,SISTER ISLAND LIGHTHOUSE,"Fl (4) W 20 Sec. (fl 0.5, ec 1.5, fl 0.5, ec 1.5, fl 0.5, ec 1.5, fl0.51, ec 13.5)",20,"[0.5, 1.5, 0.5, 1.5, 0.5, 1.5, 0.51, 13.5]",0.5,flasher,Type: LED Flasher; Rotation Device: White Flashing Light; R.P.M. NA,,,flashing,,ledger: LED flasher / fixed optic,,,False,
south-button-lighthouse,South Button Lighthouse,Fl (1) W 15 Sec fl 1.0,15,"[1.0, 14.0]",1.0,flasher,Type: LED Flasher; Rotation Device: 'White Flashing Light'; R.P.M.: NA,,,flashing,,ledger: LED flasher / fixed optic,,,False,
south-sentinel-lighthouse,SOUTH SENTINEL LIGHTHOUSE,"Fl (1) W 15 Sec (fl 0.3, ec 14.7 sec)",15,"[0.3, 14.7]",0.3,flasher,Type: LED Flasher; Maxlumina Marine Lantern; R.P.M.: NA,,,flashing,,ledger: LED flasher / fixed optic,,,False,
st-george-island-lighthouse,The St. George Island Lighthouse,"Fl. WR (4) ev 20Sec. (fl. 0.5, ec 1.5, fl. 0.5, ec 1.5 fl. 0.5, ec 1.5 fl. 0.5, L.ec 13.5)",20,"[0.5, 1.5, 0.5, 1.5, 0.5, 1.5, 0.5, 13.5]",0.5,flasher,Sealite SL-125/3 LED lantern (Ultra bright 108 LEDs); Rotation Device and R.P.M. blank; horizontal divergence 360°,,,flashing,,ledger: LED flasher / fixed optic,,,True,
strait-island-lighthouse,Strait Island Lighthouse,"Fl (3) W 20 Sec (fl 0.8, ec 1.2) x 2, fl 0.8, ec 15.2",20,"[0.8, 1.2, 0.8, 1.2, 0.8, 15.2]",0.8,flasher,Type: LED Flasher; Rotation Device: White Flashing Light; R.P.M. NA,,,flashing,,ledger: LED flasher / fixed optic,,,False,
suhelipar-lighthouse,SUHELIPAR LIGHTHOUSE,Fl (2) White 20Sec,20,"[1.0, 2.0, 1.0, 16.0]",,flasher,Type: LED flasher,,,flashing,,ledger: LED flasher / fixed optic,,,False,
surathkal-lighthouse-and-dgps-station,Surathkal Lighthouse and D.G.P.S Station,"Fl W 10 Sec. (Fl. 0.37, Ec. 9.63)",10,"[0.37, 9.63]",0.37,revolving,Type: Revolving; Rotation Device: Dual stepper motor 40 kg/cm; R.P.M. 2 RPM,2,3,revolving,30,ledger 2 rpm,6.27,ledger horizontal divergence,False,
tadri-lighthouse,Tadri Lighthouse,fl (3)W 20 Sec.,20,"[0.1, 2.0, 0.1, 2.0, 0.1, 15.7]",0.1,revolving,Optic: Revolving beacon; Rotation Device: 2 Nos. Stepper Motors; R.P.M. 3,3,6,revolving,20,ledger 3 rpm,1.5,ledger horizontal divergence,False,ledger lists 6 panels; its rpm and rhythm imply 3
tajpur-lighthouse,Tajpur Lighthouse,Flash (3) White Every 15 Seconds,15,"[0.95, 1.5, 0.95, 1.5, 0.95, 9.15]",,revolving,Speed Of Rotation 3 Rpm; 6 Panels,3,6,revolving,30.0,6 panels × 15 s,1.5,ledger horizontal divergence,False,"3 rpm = 20.0 s per turn, not a whole number of 15 s periods | divergence 1.5° at 30 s/turn gives a 0.12 s flash; ledger says 0.95 s"
tarapur-point-lighthouse,Tarapur Point Lighthouse,"Fl (3)W 30 Sec.(fl.0.4,ec 5.6,fl 0.4, ec.5.6, fl. 0.4, ec.17.6)",30,"[0.4, 5.6, 0.4, 5.6, 0.4, 17.6]",0.4,revolving,Type: Cut and polished revolving; Pedestal: Mercury Float; Rotation Device: Dual Stepper Motor; R.P.M. 2,2,3,revolving,30,ledger 2 rpm,16.72,ledger horizontal divergence,False,divergence 16.72° at 30 s/turn gives a 1.39 s flash; ledger says 0.4 s
thangasseripoint-lighthouse,Thangasseripoint Lighthouse,Group flash of three in every 15 Seconds (0.2+2.8+0.2+2.8+0.2+8.8=15Sec),15,"[0.2, 2.8, 0.2, 2.8, 0.2, 8.8]",0.2,revolving,Optic: Revolving Optic; Rotation Device: 2 Stepper motors 40Kg-cm; R.P.M. 4RPM,4,3,revolving,15,ledger 4 rpm,4.5,ledger horizontal divergence,False,
thinnakara-lighthouse,THINNAKARA LIGHTHOUSE,Fl (W)5 sec,5,"[0.45, 4.55]",,flasher,MBL 160 LED lantern with MF-12 Electronic Flasher; no rotation device listed,,,flashing,,ledger: LED flasher / fixed optic,,,False,
tillanchang-lighthouse,TILLANCHANG LIGHTHOUSE,Fl (1) W 10 Sec (fl 0.8),10,"[0.8, 9.2]",0.8,flasher,Type: LED Flasher; Rotation Device: White Flashing Light; R.P.M. NA,,,flashing,,ledger: LED flasher / fixed optic,,,False,
tolkeshwar-point-lighthouse,Tolkeshwar Point Lighthouse,GP fl W (3) every 15 Sec. (W) 0.35+2.65+0.35+2.65+0.35+8.65=15 sec.,15,"[0.35, 2.65, 0.35, 2.65, 0.35, 8.65]",0.35,revolving,Type: Revolving; Rotation Device: Dual Stepper Motor 40 Kgcm; R.P.M. 4,4,3,revolving,15,ledger 4 rpm,8.36,ledger horizontal divergence,False,
tries-island-lighthouse,Tries Island Lighthouse,Fl (4) W 20 Sec,20,"[1.0, 2.0, 1.0, 2.0, 1.0, 2.0, 1.0, 10.0]",,flasher,Type: LED Flasher; Rotation Device: White Flashing Light; R.P.M. NA,,,flashing,,ledger: LED flasher / fixed optic,,,False,
umergam-lighthouse,Umergam Lighthouse,"Fl W 15 Sec. (fl. 0.33, ec. 14.67)",15,"[0.33, 14.67]",0.4,revolving,Type: WM-RB500 Marine Rotating Beacon; Rotation Device: 2 Nos. Stepper Motor; R.P.M. 0.67,0.67,6,revolving,90,ledger 0.67 rpm,1.5,ledger horizontal divergence,False,
uttan-point-lighthouse-and-dgps-station,Uttan Point Lighthouse and DGPS Station,"Fl (2) W 15 Sec. (fl 0.25, ec 3.51, fl 0.25, ec 10.99)",15,"[0.25, 3.51, 0.25, 10.99]",0.25,revolving,Size: 187.5 mm (5th Order) revolving; Rotation Device: Dual Stepper Motor 40 Kg cm; R.P.M. 4,4,2,revolving,15,ledger 4 rpm,16.72,ledger horizontal divergence,False,
vakalapudi-lighthouse,Vakalapudi Lighthouse,"FL(3) white, every 15 sec",15,"[0.19, 1.5, 0.19, 1.5, 0.19, 11.43]",0.19,revolving,Size: 350 mm (4th order) revolving; Rotation Device: Twin stepper motor direct drive; Rotation Speed 4 RPM,4,3,revolving,15,ledger 4 rpm,6.76,ledger horizontal divergence,False,
valiazheekal-lighthouse,Valiazheekal Lighthouse,Flash (3) White-20 seconds (1+2.5+1+2.5+1+12),20,"[1.0, 2.5, 1.0, 2.5, 1.0, 12.0]",1,revolving,Type: Revolving beacon; Rotation Device: 24 volt DC motor; R.P.M. 1,1,6,revolving,60,ledger 1 rpm,6.0,implied by flash duration and rotation,False,ledger lists 6 panels; its rpm and rhythm imply 9
valiyakara-lighthouse,VALIYAKARA LIGHTHOUSE,Fl (1) White 15 Sec,15,"[0.95, 14.05]",,flasher,"Optic MBL-160, Type: LED Flasher",,,flashing,,ledger: LED flasher / fixed optic,,,False,
valsad-khadi-lighthouse,Valsad Khadi Lighthouse,Fl(4)W 20 sec,20,"[0.5, 2.0, 0.5, 2.0, 0.5, 2.0, 0.5, 12.0]",0.5,revolving,Type: ZL-LSRB-26 Revolving LED; Rotation Device: Inbuilt Direct drive brushless DC motor; R.P.M. 3 RPM,3,4,revolving,20,ledger 3 rpm,5,ledger horizontal divergence,False,
vembar-lighthouse,Vembar Lighthouse,Flash (3) White Every 10 Seconds,10,"[1.25, 1.0, 1.25, 1.0, 1.25, 4.25]",1.25,revolving,Optic: APRB-288AC-2PL-006 Rotating Beacon; Rotation Device: Inbuilt stepper motor; R.P.M. 6,6,3,revolving,10,ledger 6 rpm,45.0,implied by flash duration and rotation,False,
vengurla-point-lighthouse,Vengurla Point Lighthouse,Flash red every 5sec.,5,"[0.45, 4.55]",,revolving,Optic: Revolving 3rd order; Rotation Device: Stepper Motor+Controller; R.P.M. 3,3,3,revolving,20,ledger 3 rpm,6,ledger horizontal divergence,False,ledger lists 3 panels; its rpm and rhythm imply 4
vengurla-rocks-lighthouse,Vengurla Rocks Lighthouse,Fl (2)W 20S,20,"[0.18, 2.0, 0.18, 17.64]",0.18,revolving,Optic: Revolving; Rotation Device: Dual stepper Motor; R.P.M. 1.5,1.5,2,revolving,40,ledger 1.5 rpm,1.5,ledger horizontal divergence,False,ledger lists 2 panels; its rpm and rhythm imply 4
veraval-lighthouse,Veraval Lighthouse,F l W15 Sec. (10+5=15 Sec),15,"[10.0, 5.0]",10,flasher,Size: 1000 mm drum optic; Pedestal: Fixed Large Size; Rotation Device: N/A; R.P.M.: N/A,,,flashing,,ledger: LED flasher / fixed optic,,,False,
vizhinjam-lighthouse,VIZHINJAM LIGHTHOUSE,Fl(White)- 15 seconds (FL- 0.55 + ec-14.5 sec),15,"[0.55, 14.5]",0.55,revolving,Optic: Revolving Beacon; Rotation Device: Dual Stepper motor; R.P.M. 4/3 RPM,1.333,3,revolving,45,ledger 1.333 rpm,4.45,ledger horizontal divergence,False,
vodarevu-lighthouse,Vodarevu Lighthouse,"Gp FL (2) White, every 15 Seconds (Fl 0.6 +ec1.9 + Fl 0.6 + ec 11.9)",15,"[0.6, 1.9, 0.6, 11.9]",0.6,revolving,4TH Order Revolving; twin stepper motor rotation device; Rotation Speed 1 RPM,1,4,revolving,60,ledger 1 rpm,3.41,ledger horizontal divergence,False,ledger lists 4 panels; its rpm and rhythm imply 8
vypin-lighthouse,VYPIN LIGHTHOUSE,Fl (4) W 20 sec (fl 0.41),20,"[0.41, 2.92, 0.41, 2.92, 0.41, 2.92, 0.41, 9.6]",0.41,revolving,Rotation Device: Dual Stepper motor (20 Kg cm); R.P.M. 3,3,4,revolving,20,ledger 3 rpm,11.46,ledger horizontal divergence,False,
wasi-borsi-lighthouse,Wasi Borsi Lighthouse,"fl W 7 Sec. (fl 0.54, ec 6.46)",7,"[0.54, 6.46]",0.54,revolving,Type: revolving type; Rotation Device: Dual Stepper Motor; R.P.M. 2.14 (one revolution in 28 sec.),2.14,4,revolving,28,ledger 2.14 rpm,2,ledger horizontal divergence,False,divergence 2° at 28 s/turn gives a 0.16 s flash; ledger says 0.54 s
wilson-island-lighthouse,Wilson Island Lighthouse,"Fl (2) W 20 Sec (fl 1.0, ec 3.0, fl 1, ec 15)",20,"[1.0, 3.0, 1.0, 15.0]",1.0,flasher,Type: LED Flasher; Rotation Device: White Flashing Light; R.P.M. NA,,,flashing,,ledger: LED flasher / fixed optic,,,False,
kelshi-lighthouse,Kelshi (Anjarle) Lighthouse,white flash every 15 s,15.0,"[0.95, 14.05]",,,,,,flashing,,no DGLL ledger online,,,,
rawal-pir-lighthouse,Rawal Pir Lighthouse,green flash every 3 s,3.0,"[0.35000000000000003, 2.65]",,,,,,flashing,,no DGLL ledger online,,,,
mahe-lighthouse,Mahe Lighthouse,two white flashes every 10 s,10.0,"[0.7, 1.0, 0.7, 7.6]",,,,,,flashing,,no DGLL ledger online,,,,
