station,src,credit,width,height,bytes,sha256,full
achara-point-lighthouse,https://www.dgll.nic.in/sites/default/files/2022-11/ACHARA%20POINT%20LIGHTHOUSE.jpg,DGLL,878,1314,142914,e9a67f2029d69cb019ff4dc08d45ff7d0408ae7b8276f06b9d16ecbfbb1050eb,photos/full/achara-point-lighthouse.jpg
agatti-lighthouse,https://www.dgll.nic.in/sites/default/files/2022-11/AGATTI%20LIGHTHOUSE.jpg,DGLL,960,1280,303592,54f80589b3dae4ffaaeddbdeb3ef7c323bef6ad0a0cb2c7cffb669abb47c7ccf,photos/full/agatti-lighthouse.jpg
aguada-lighthouse-and-dgps-station,https://www.dgll.nic.in/sites/default/files/2022-11/AGUADA%20LIGHTHOUSE%20AND%20D.G.P.S%20STATION.jpg,DGLL,345,526,42287,f4b6f2c1fa66a1623dd4c6b1b791c8c9b21c4532a4ebe0cef70a926c6c4682d7,photos/full/aguada-lighthouse-and-dgps-station.jpg
alang-lighthouse,https://www.dgll.nic.in/sites/default/files/2022-11/J-15.jpg,DGLL,720,1600,247155,3a64296643bb193c9b600aea766ffe4fcbd44d81c3abdfadf4858457d9864454,photos/full/alang-lighthouse.jpg
alappuzha-lighthouse,https://www.dgll.nic.in/sites/default/files/2022-11/ALAPPUZHA%20LIGHTHOUSE.jpg,DGLL,1080,1350,445927,d915adcc64a766102b437ed0e7a6b2a679c3715d39ab8bd186a8c50ea33783e2,photos/full/alappuzha-lighthouse.jpg
amini-lighthouse,https://www.dgll.nic.in/sites/default/files/2022-11/AMINI%20%20LIGHTHOUSE.jpg,DGLL,725,425,69617,53a9f67f457cabd1d2fc1e0b7f6d334f49ffc66716e7a784aab38ad1f2d27a51,photos/full/amini-lighthouse.jpg
ammapattinam-lighthouse,https://www.dgll.nic.in/sites/default/files/2022-11/dg14.jpg,DGLL,476,998,112121,9e5c8ed21658ed0b3ee1195728c1734da70b76e8ea512e00c9474fe9109b6c18,photos/full/ammapattinam-lighthouse.jpg
andaman-strait-eastern-entrance-lighthouse,https://www.dgll.nic.in/sites/default/files/2022-11/11.png,DGLL,434,554,506103,883b577840d63a2dcd668c06c9b5230ad8f889df33a86ef163014b5667911519,photos/full/andaman-strait-eastern-entrance-lighthouse.png
androth-east-lighthouse,https://www.dgll.nic.in/sites/default/files/2022-11/ANDROTH%20EAST%20LIGHTHOUSE.jpg,DGLL,960,1280,268336,5fa5814322dcfe898ba433e7bd90f6fa69a060ad876fb00ec8e5dbac8d6987e2,photos/full/androth-east-lighthouse.jpg
androth-west-lighthouse,https://www.dgll.nic.in/sites/default/files/2022-11/ANDROTH%20WEST%20LIGHTHOUSE.jpg,DGLL,620,941,92371,310ebc3053b0ff2702a08f076357bdc8f0f1eb5ed9a10dacc835137fbb306a79,photos/full/androth-west-lighthouse.jpg
anjengo-lighthouse,https://www.dgll.nic.in/sites/default/files/2022-11/ANJENGO%20LIGHTHOUSE.jpg,DGLL,340,440,41256,abc6b17ab976fbe58cc5140500bc4fd34f0d74635cc57a189afa2d90a5a42e2f,photos/full/anjengo-lighthouse.jpg
antervedi-lighthouse,https://www.dgll.nic.in/sites/default/files/2022-11/Antervedi%20Lighthouse.jpg,DGLL,653,1160,198084,4033e082c4ce93de621734902758f31a94e6f2d0d9d04d8c1d2a91aa18efbea0,photos/full/antervedi-lighthouse.jpg
armagon-lighthouse,https://www.dgll.nic.in/sites/default/files/2022-11/Armagon%20Lighthouse.jpg,DGLL,680,1024,93813,9928cfb18d362a6d8e502abe542370b0bd53f2ef633a3b3326f4ee83bec6cc2c,photos/full/armagon-lighthouse.jpg
arnala-lighthouse,https://www.dgll.nic.in/sites/default/files/2022-11/Arnala%20Lighthouse.jpg,DGLL,585,1040,114281,387c2669c41a044e01accdede16751d4b464b47ac4ecdce0c0af64ce7920c126,photos/full/arnala-lighthouse.jpg
aves-lighthouse,https://www.dgll.nic.in/sites/default/files/2022-11/5.png,DGLL,486,529,675089,cde3aa7be013bc0c3f7b0cf3ca3b803308b3913b3ce604c53c9a9f6a52c29850,photos/full/aves-lighthouse.png
azhikode-lighthouse-and-dgps-station,https://www.dgll.nic.in/sites/default/files/2022-11/AZHIKODE%20LIGHTHOUSE%20AND%20DGPS%20STATION.jpg,DGLL,706,975,182555,4c7b678b3f35447b53eaca517157ee583ebb02937c7f5b1e560919d40bd9b818,photos/full/azhikode-lighthouse-and-dgps-station.jpg
bampoka-lighthouse,https://www.dgll.nic.in/sites/default/files/2022-11/26.png,DGLL,445,511,483335,83a389068371c89029df41572af275fc4468a79edc9aad5406dc9b3f1dc019ba,photos/full/bampoka-lighthouse.png
battimalv-lighthouse,https://www.dgll.nic.in/sites/default/files/2022-11/23.png,DGLL,347,553,506058,8eba22f155f4ecd381347057928555a2fc0a49d19e4aa70a657259e7500ce552,photos/full/battimalv-lighthouse.png
belekeri-lighthouse,https://www.dgll.nic.in/sites/default/files/2022-11/Belekeri%20Lighthouse.jpg,DGLL,1558,1171,953862,7b504318f4ac9a1215256e9b50291531ec74295a7def7f8a06d4af8902650b67,photos/full/belekeri-lighthouse.jpg
betul-lighthouse,https://www.dgll.nic.in/sites/default/files/2022-11/BETUL%20LIGHTHOUSE.jpg,DGLL,821,1177,213507,5cb8388bfc94688ebd244e15270887e25dc6c1fc635f6760d6442f21e8f6eb0b,photos/full/betul-lighthouse.jpg
beypore-lighthouse,https://www.dgll.nic.in/sites/default/files/2022-11/BEYPORE%20LIGHTHOUSE.jpg,DGLL,1154,1600,386648,66b94cd0b4fb3cab7466b5b3412d6da218fcfeafb729c87ec827ad55148a0de4,photos/full/beypore-lighthouse.jpg
bhadreshwar-vts-repeater-and-lighthouse-station,https://www.dgll.nic.in/sites/default/files/2022-11/Bhadreshwar%20Vts%20Repeater%20And%20Lighthouse%20Station.png,DGLL,393,564,280771,a761ad5f1dcf79099156feba958776b90f7cf5e893999e4955be0938d8860b50,photos/full/bhadreshwar-vts-repeater-and-lighthouse-station.png
bhatkal-lighthouse,https://www.dgll.nic.in/sites/default/files/2022-11/BHATKAL%20LIGHTHOUSE.jpg,DGLL,935,1247,265883,66c9260d2b4a100412b4effa796c270ab93aa9ed5f391a720258de4f3f824855,photos/full/bhatkal-lighthouse.jpg
bheemlipatnam-lighthouse,https://www.dgll.nic.in/sites/default/files/2022-11/Bheemlipatnam%20Lighthouse.jpg,DGLL,985,853,133726,945a220aa0b31320a66c7dca54f82259a0f4a70dc62ddb40f4e1f2632c805e44,photos/full/bheemlipatnam-lighthouse.jpg
bhirbhanjan-lighthouse,https://www.dgll.nic.in/sites/default/files/2022-11/J-8.jpg,DGLL,576,1280,135267,c297769090dbe5e70da12211e9436a9e5db628c4f70b96df54ef472d40286e3f,photos/full/bhirbhanjan-lighthouse.jpg
bitra-lighthouse,https://www.dgll.nic.in/sites/default/files/2022-11/BITRA%20LIGHTHOUSE.jpg,DGLL,725,425,59576,c90300454aa31ef12e585cb23cb8f6ae972fa3f357f7e7e817cb7dd09ba54731,photos/full/bitra-lighthouse.jpg
bural-reef-lighthouse,https://www.dgll.nic.in/sites/default/files/2022-11/Bural_Reef_Lighthouse%20.png,DGLL,379,522,282270,4a8d1edf35aa85fa1556d70b44c902622787b65bad60b6464c22bcf6afa824ce,photos/full/bural-reef-lighthouse.png
campbellbay-dgps-station,https://www.dgll.nic.in/sites/default/files/2022-11/37.jpg,DGLL,561,421,76336,7185b51bf20eac615d27cf7dff602de001a05770a40578c208d9518e64299c30,photos/full/campbellbay-dgps-station.jpg
cape-cannaught-lighthouse,https://www.dgll.nic.in/sites/default/files/2022-11/27.png,DGLL,435,513,524814,be944ea260de47fd5e902be1452b6277adb1d608ae133e753bcbc2386bb2abfc,photos/full/cape-cannaught-lighthouse.png
chank-tapu-lighthouse,https://www.dgll.nic.in/sites/default/files/2022-11/Chank_Tapu_Lighthouse.png,DGLL,354,507,301643,44b3b15dad8d81d1391c87e8da36a03d4abdb798607e555c2ff18f11466a2d7e,photos/full/chank-tapu-lighthouse.png
chaul-kadu-lighthouse,https://www.dgll.nic.in/sites/default/files/2022-11/Chaul%20kadu%20lighthouse.jpg,DGLL,677,879,97259,959d5c17cd7795cf30c76698256eeb116a613460808168ae68953d46010fa02e,photos/full/chaul-kadu-lighthouse.jpg
chennai-lighthouse,https://www.dgll.nic.in/sites/default/files/2022-11/dg23.jpg,DGLL,960,1280,176472,1da5d79c614515ef4e7cb058ebefcf55580730bc1a7dff3329eaf369cbe5d06a,photos/full/chennai-lighthouse.jpg
chetlat-lighthouse,https://www.dgll.nic.in/sites/default/files/2022-11/CHETLAT%20LIGHTHOUSE.jpg,DGLL,725,425,58131,9ac82c3a178d1461cc9af4ad564d2e49ab65cc4879b0e1b843e49101aab6180e,photos/full/chetlat-lighthouse.jpg
chetwai-lighthouse,https://www.dgll.nic.in/sites/default/files/2022-11/Chetwai%20Lighthouse.jpg,DGLL,382,469,40634,7bcd5b301f2049fe080b9221b9cf8a8da7f1eb5c3af55947a23b211ba18ed5d9,photos/full/chetwai-lighthouse.jpg
chhachhi-lighthouse-and-vts-station,https://www.dgll.nic.in/sites/default/files/2022-11/Chhachhi%20Lighthouse%20And%20Vts%20Station.png,DGLL,380,523,281451,393bbb5b3784207cde99f24b2739e07100c54e3330ea8998ff56991b151c1fd4,photos/full/chhachhi-lighthouse-and-vts-station.png
chidiyatapu-lighthouse,https://www.dgll.nic.in/sites/default/files/2022-11/15.png,DGLL,440,552,586773,1f4cae727bc790d3abcf57925aac1da239074d2ddbddf4389d9402852c0c04a0,photos/full/chidiyatapu-lighthouse.png
chowra-lighthouse,https://www.dgll.nic.in/sites/default/files/2022-11/24.png,DGLL,431,498,519701,62202e94940971f57af6bd3916c9e005af28e229d659ae6211ee93421ab65bf5,photos/full/chowra-lighthouse.png
cuddalore-lighthouse,https://www.dgll.nic.in/sites/default/files/2022-11/dg6.jpg,DGLL,969,1291,285861,6b403f793c1e008124657f9eef91f8475871dfb6a8f498034a3d8c8a8d2434bb,photos/full/cuddalore-lighthouse.jpg
dahanu-lighthouse,https://www.dgll.nic.in/sites/default/files/2022-11/Dahanu%20Lighthouse.jpg,DGLL,720,1280,108221,2d5577f920b29cbbab4b43312792b8638a30c65294971b859728193441ad2fe3,photos/full/dahanu-lighthouse.jpg
dariapur-lighthouse,https://commons.wikimedia.org/wiki/Special:FilePath/Dariapur%20Lighthouse%20-%20East%20Midnapore%202016-06-18%204577.JPG,Wikimedia Commons,6016,4000,17253158,d8d62e943dd23cb47f991a04dcd395f7ac727cb162be88c8d05207bbdf67eda9,photos/full/dariapur-lighthouse.jpg
devgad-lighthouse,https://www.dgll.nic.in/sites/default/files/2022-11/DEVGAD%20LIGHTHOUSE.jpg,DGLL,609,1217,134770,c58c0e097452f0f49a2efcd32de4ad6fb5cc5a398f26008dee85ea0b64359e76,photos/full/devgad-lighthouse.jpg
dhanushkodi-lighthouse,https://www.dgll.nic.in/sites/default/files/2022-11/dg19.jpg,DGLL,931,1069,98190,fed40a740725e7cb7ea1dc0238c951fdb021ae877754cb58a5be5fec93eb17d1,photos/full/dhanushkodi-lighthouse.jpg
diu-head-lighthouse,https://www.dgll.nic.in/sites/default/files/2022-11/J-9.jpg,DGLL,719,1280,78683,0bf61378198eca8eff1f74d746c6cfad0b8fa065bbc8ad12767d71f470541ce9,photos/full/diu-head-lighthouse.jpg
dolphin-nose-lighthouse,https://www.dgll.nic.in/sites/default/files/2022-11/Dolphin%20Nose%20Lighthouse.png,DGLL,755,651,660430,abb90786ada2662eb3f568ec60784e8bcdf87c44ec8e663bb4a89efb567a98f1,photos/full/dolphin-nose-lighthouse.png
dwarka-point-lighthouse,https://www.dgll.nic.in/sites/default/files/2022-11/J-2.jpg,DGLL,576,1280,105446,07deb32fea2e5efcf26a3038be09fc1c089c02620c51c752fb2ad75e7c9f4e65,photos/full/dwarka-point-lighthouse.jpg
east-island-lighthouse-and-dgps-station,https://www.dgll.nic.in/sites/default/files/2022-11/1.jpg,DGLL,447,549,41312,f4a9ec003372e463ba46561bd90ec97e81c746669c86fcfd28bfbd530a4cfbdd,photos/full/east-island-lighthouse-and-dgps-station.jpg
ghogha-lighthouse,https://www.dgll.nic.in/sites/default/files/2022-11/J-21.jpg,DGLL,958,1280,142736,72c3718dd736c92894ecaf892e7401c1cf5b4078e2aaf0b091546772baac32b5,photos/full/ghogha-lighthouse.jpg
gopnath-lighthouse-dgps-station,https://www.dgll.nic.in/sites/default/files/2022-11/J-17.jpg,DGLL,577,1280,124368,222f7b88aea5ef26e838e48bc5566a406175cc28ade312074ab183b6258a9182,photos/full/gopnath-lighthouse-dgps-station.jpg
harnai-lighthouse,https://www.dgll.nic.in/sites/default/files/2022-11/Harnai%20Lighthouse.jpg,DGLL,338,450,45915,622a2c30e53b7896019e432d45434b2243d7b001189d051530b72418f7fca0b1,photos/full/harnai-lighthouse.jpg
hazira-lighthouse-and-dgps-station,https://www.dgll.nic.in/sites/default/files/2022-11/Hazira_Lighthouse.png,DGLL,366,484,405925,44d1eaf44074a933d9a6af68c0543e5e20ae22918b593ea7c04f7e5d9af0ca1c,photos/full/hazira-lighthouse-and-dgps-station.png
honnavar-lighthouse,https://www.dgll.nic.in/sites/default/files/2022-11/HONNAVAR%20LIGHTHOUSE.jpg,DGLL,865,1279,313852,8a6207b37a0111c715cab16371ac11a431d728202584eed3f9abb020def33433,photos/full/honnavar-lighthouse.jpg
indira-point-lighthouse,https://www.dgll.nic.in/sites/default/files/2022-11/36.png,DGLL,413,531,419386,0d0b6ddb7e91782bae6f6935663799b745a71eb8d255b6d2be57bc731fbdc1c7,photos/full/indira-point-lighthouse.png
isakapalli-lighthouse,https://www.dgll.nic.in/sites/default/files/2022-11/Isakapalli%20Lighthouse.jpg,DGLL,576,1280,113188,4229a0ead01344d483f7a2970e9d9eaf58165eb9d4cf8d86446e46d285b7de9f,photos/full/isakapalli-lighthouse.jpg
jafrabad-lighthouse,https://www.dgll.nic.in/sites/default/files/2022-11/J-11.jpg,DGLL,867,1156,145352,098af23ee347568072324b8434c55338d1498edfa9bfca222ff02a90ec3e6b39,photos/full/jafrabad-lighthouse.jpg
jaigarh-lighthouse,https://www.dgll.nic.in/sites/default/files/2022-11/Jaigarh%20Lighthouse.jpg,DGLL,280,440,28468,f84223c6d12e79fb20d4ca4243817c652516f28c0c48dc78375a46256dee078b,photos/full/jaigarh-lighthouse.jpg
jakhau-lighthouse-and-vts-station,https://www.dgll.nic.in/sites/default/files/2022-11/Jakhau%20Lighthouseand%20Vts%20Station.png,DGLL,421,571,233147,c4d2d96c3a7b1602a58aecbe0092a02036918723d2fe47cda9eb24f5fa53d8e9,photos/full/jakhau-lighthouse-and-vts-station.png
jegri-island-lighthouse,https://www.dgll.nic.in/sites/default/files/2022-11/J-14.jpg,DGLL,576,1280,81585,532c47a8a5f3966bf1df6c87c1212ceb1f7e5450098855ca056876b9f0f3c49f,photos/full/jegri-island-lighthouse.jpg
jhanjhmer-lighthouse,https://www.dgll.nic.in/sites/default/files/2022-11/J-16.jpg,DGLL,867,701,131507,7984bdc003905a65bf157430f3fecf419c659c7a81222b5288561254df21fe31,photos/full/jhanjhmer-lighthouse.jpg
jodiya-lighthouse,https://www.dgll.nic.in/sites/default/files/2022-11/Jodiya_Lighthouse.png,DGLL,367,469,223648,1c027f65a17c7d6b5d57b0cfec4a1af753a94980c448c6bbc4f5cd6063909d49,photos/full/jodiya-lighthouse.png
kabra-island-lighthouse,https://www.dgll.nic.in/sites/default/files/2022-11/33.png,DGLL,406,544,559953,a29b817be26bfb98fd1feda3acf1a0b33b55060832c431af593620f7e2d1fdc8,photos/full/kabra-island-lighthouse.png
kachhigadh-lighthouse,https://www.dgll.nic.in/sites/default/files/2022-11/J-1.jpg,DGLL,960,1280,121181,00f02fc0ad5ab6f8deb85a623651d0ab027cb62c23ac985cfe3b78046d600b84,photos/full/kachhigadh-lighthouse.jpg
kadalur-point-lighthouse,https://www.dgll.nic.in/sites/default/files/2022-11/KADALUR%20POINT%20LIGHTHOUSE.jpg,DGLL,953,1270,341911,cad8209d5ea17381d06a53bcc7e4ec5438c910de2a6025193051765237bad877,photos/full/kadalur-point-lighthouse.jpg
kadamat-lighthouse,https://www.dgll.nic.in/sites/default/files/2022-11/KADAMAT%20LIGHTHOUSE.jpg,DGLL,725,425,68172,3151dd4745c364aed025891696ef08966098fffe9077e399d0fec34a1fa13815,photos/full/kadamat-lighthouse.jpg
kadapakkam-lighthouse,https://www.dgll.nic.in/sites/default/files/2022-11/dg4.jpg,DGLL,1298,974,268512,f13b586a26c803a5b30809bc41bdbd87439a05756db197a9aedc4d4e67d5d50a,photos/full/kadapakkam-lighthouse.jpg
kalingapatnam-lighthouse,https://commons.wikimedia.org/wiki/Special:FilePath/Kalingapatnam%20light%20house%2003.jpg,Wikimedia Commons,2322,4128,3682073,3866df56ec2215cc184a121a1a531759b1356cd2bb626baaa6495fa0f225fb9a,photos/full/kalingapatnam-lighthouse.jpg
kalpeni-lighthouse,https://www.dgll.nic.in/sites/default/files/2022-11/KALPENI%20LIGHTHOUSE.jpg,DGLL,673,834,98463,ecfbcfefbd1a1340c2f54acc0c7c54d2dad618344d71f67e111cd3ab3d4b0c84,photos/full/kalpeni-lighthouse.jpg
kalubhar-lighthouse,https://www.dgll.nic.in/sites/default/files/2022-11/Kalubhar_Lighthouse.png,DGLL,387,542,291144,d2de44a5917a9a0cf29523433f9be33ebd9f9b99668f528985b562482d3ffa5e,photos/full/kalubhar-lighthouse.png
kanai-creek-lighthouse,https://www.dgll.nic.in/sites/default/files/2022-11/Kanai_Creek_Lighthouse.png,DGLL,384,451,302279,fc90f21bfebb04554e6876bb23840d7dd0df77c8629c6ef4952db4319f01cd7a,photos/full/kanai-creek-lighthouse.png
kanhoji-angre-lighthouse,https://www.dgll.nic.in/sites/default/files/2022-11/Kanhoji%20Angre%20Lighthouse.jpg,DGLL,287,440,39233,deb67041f8ba49f33d562813a1d0befe1b9eaa3ffc31a5c11e3e223fb940c5ab,photos/full/kanhoji-angre-lighthouse.jpg
kannur-lighthouse,https://www.dgll.nic.in/sites/default/files/2022-11/MAHE%20LIGHTHOUSE.jpg,DGLL,1224,1632,456025,e113edbd24f114247127c14076f058beaa8c97a33cdb0995ccb927b154269b00,photos/full/kannur-lighthouse.jpg
kanyakumari-lighthouse,https://www.dgll.nic.in/sites/default/files/2022-11/dg25.jpg,DGLL,780,1040,116293,d9b6ea6b41e5889ef7d2cb39750509e3f446eea008543aeb960ec616aee0b896,photos/full/kanyakumari-lighthouse.jpg
karaikal-lighthouse,https://www.dgll.nic.in/sites/default/files/2022-11/dg9.jpg,DGLL,900,1600,148950,0a71135337ded49e6777d72209f123288ac0f306736dc4333d3759e54274fc2d,photos/full/karaikal-lighthouse.jpg
kasargod-lighthouse,https://www.dgll.nic.in/sites/default/files/2022-11/KASARGOD%20LIGHTHOUSE.jpg,DGLL,780,1040,201812,0b954cbb142c25ffb42e4558a80f44105122eb714b361b305ce843cdb608a342,photos/full/kasargod-lighthouse.jpg
katchal-east-lighthouse,https://www.dgll.nic.in/sites/default/files/2022-11/28.png,DGLL,436,526,420641,7839afb0283f22717ea9bc77a80f18839968e949a5ec492c3421a3efa73a4ce4,photos/full/katchal-east-lighthouse.png
katchal-west-lighthouse,https://www.dgll.nic.in/sites/default/files/2022-11/29.png,DGLL,434,540,533819,c872200dd31d305d9f861d29406a6a6820d08c02b7b0ad0456c439db9f1e1f01,photos/full/katchal-west-lighthouse.png
kaup-lighthouse,https://www.dgll.nic.in/sites/default/files/2022-11/Kaup%20Lighthouse.jpg,DGLL,1236,1168,224229,3732268fc198c1e57ecea485b8e66b75765d6d5cd4ce0d60975c2d685ee423b4,photos/full/kaup-lighthouse.jpg
kavaratti-lighthouse,https://www.dgll.nic.in/sites/default/files/2022-11/KAVARATTI%20LIGHTHOUSE.jpg,DGLL,378,504,48593,9471bcef4c6df688b93b9515862150447a9edc7fe852f71e3c7353f8adffe15d,photos/full/kavaratti-lighthouse.jpg
keating-point-lighthouse-and-dgps-station,https://www.dgll.nic.in/sites/default/files/2022-11/22.jpg,DGLL,407,543,67600,02ffa2beb6f7b6c96cb95500400aa74e994dfc71b1cc44b52f99157e11af86cd,photos/full/keating-point-lighthouse-and-dgps-station.jpg
kilakkarai-lighthouse,https://www.dgll.nic.in/sites/default/files/2022-11/dg20.jpg,DGLL,1104,946,218575,754a8f8bd67d0f8113dc8647a370368efcccfcb1483185abaf9097254db6f653,photos/full/kilakkarai-lighthouse.jpg
kiltan-lighthouse-north,https://www.dgll.nic.in/sites/default/files/2022-11/KILTAN%20LIGHTHOUSE%20%28NORTH%29.jpg,DGLL,905,1207,149865,3cab91f31614a3f752d35439c04015b6f386366c7a82677b27264722b09ea8da,photos/full/kiltan-lighthouse-north.jpg
kiltan-lighthouse-south,https://www.dgll.nic.in/sites/default/files/2022-11/KILTAN%20LIGHTHOUSE%20%28SOUTH%29.jpg,DGLL,1045,1207,255114,419f8bef12aadb383e8228855ab78f4fa055b2a84038322b497f5c30a51a6936,photos/full/kiltan-lighthouse-south.jpg
kodikkarai-lighthouse,https://www.dgll.nic.in/sites/default/files/2022-11/dg12_0.png,DGLL,661,533,334708,fd6be879fddca09f7b863236ab9fba8aed21046aee6a47d27f70961e28ea58f3,photos/full/kodikkarai-lighthouse.png
koltapalm-lighthouse,https://www.dgll.nic.in/sites/default/files/2022-11/34.png,DGLL,442,533,604462,6bbc3c811ada536facfd8a5ea1f52b392a633ef4d0893329f959b8612976816e,photos/full/koltapalm-lighthouse.png
korlai-fort-lighthouse,https://www.dgll.nic.in/sites/default/files/2022-11/Korlai%20Fort%20Lighthouse.jpg,DGLL,907,671,175922,d43704a1af2e0989cf443d2ba4cbc07ddb874bece79f2e6b4576beb6927ace97,photos/full/korlai-fort-lighthouse.jpg
koteshwar-lighthouse-vts-station,https://www.dgll.nic.in/sites/default/files/2022-09/Koteshwar%201.png,DGLL,434,571,197470,30860f91b74da1b69e54b66df8de32b1bd5dad4c1f11398f090567b14e7e05fc,photos/full/koteshwar-lighthouse-vts-station.png
kovilthottam-lighthouse,https://www.dgll.nic.in/sites/default/files/2022-11/KOVILTHOTTAM%20LIGHTHOUSE.jpg,DGLL,925,981,244032,de01a7b290bf434e67cd6e15638d34a20e9aa052eb29693bb8fa5cce1b8a4331,photos/full/kovilthottam-lighthouse.jpg
krishnapatnam-lighthouse,https://www.dgll.nic.in/sites/default/files/2022-11/Krishnapatnam%20Lighthouse.jpg,DGLL,1146,1280,295822,4f2d4c354e8a246572613806648f3d6439523e7ee90c4e5e209c67ab2c3756bc,photos/full/krishnapatnam-lighthouse.jpg
kundapur-lighthouse,https://www.dgll.nic.in/sites/default/files/2022-11/KUNDAPUR%20LIGHTHOUSE.jpg,DGLL,298,407,25298,217a459c1c73d2305c82d29d2f48c5787396db71285dbf39ca9ce71a17f63760,photos/full/kundapur-lighthouse.jpg
kuthenkuli-lighthouse,https://www.dgll.nic.in/sites/default/files/2022-11/dg24.jpg,DGLL,1280,854,156975,ba00bf948a6a6f838232ecb13756c3bcb436a19235e496682a5d8d7b2c27f164,photos/full/kuthenkuli-lighthouse.jpg
little-andaman-lighthouse,https://www.dgll.nic.in/sites/default/files/2022-11/21.png,DGLL,436,534,603334,d46545822c9cbfab69d06398811fc4a27067bd1999abc60b9431b28233b5e896,photos/full/little-andaman-lighthouse.png
luhara-point-lighthouse,https://www.dgll.nic.in/sites/default/files/2022-11/Luhara_Point_Lighthouse.png,DGLL,351,418,307792,132f18d8d1e003dcc534c67ef87b35c10a7cbb929d1958713623be6319b8ae23,photos/full/luhara-point-lighthouse.png
machilipatnam-lighthouse,https://www.dgll.nic.in/sites/default/files/2022-11/Machilipatnam%20Lighthouse.jpg,DGLL,680,1024,116015,e390302379e6a782e1408e64c048a7e15c9d97873baa77efd10dd7144b88944b,photos/full/machilipatnam-lighthouse.jpg
mahabalipuram-lighthouse,https://www.dgll.nic.in/sites/default/files/2022-11/dg3.png,DGLL,1160,1660,4495748,9736296d8feb664d190e99579e072aa2ea4d7675a6a4e3c9c2fbed8988f664ad,photos/full/mahabalipuram-lighthouse.png
mallipattinam-lighthouse,https://www.dgll.nic.in/sites/default/files/2022-11/dg12_1.png,DGLL,661,533,334708,fd6be879fddca09f7b863236ab9fba8aed21046aee6a47d27f70961e28ea58f3,photos/full/mallipattinam-lighthouse.png
malpe-lighthouse,https://www.dgll.nic.in/sites/default/files/2022-11/Malpe%20Lighthouse.jpg,DGLL,525,921,135764,63cbea0f4851bd403e6588ef83227b252a55d151744d4eac0465d5ac35031320,photos/full/malpe-lighthouse.jpg
manakkodam-lighthouse,https://www.dgll.nic.in/sites/default/files/2022-11/MANAKKODAM%20LIGHTHOUSE...jpg,DGLL,1176,1216,812826,c8c8ce521d890b485d7bfce928c38677643f61efeffd1f207fbc41024ce23beb,photos/full/manakkodam-lighthouse.jpg
manapad-point-lighthouse,https://www.dgll.nic.in/sites/default/files/2022-11/dg23.png,DGLL,352,1069,487107,a4e5fb6e4cb13c2536d40cae0d5453d277ceb4af5caccc37abd39a85d4cca8ee,photos/full/manapad-point-lighthouse.png
mandvi-lighthouse-vts-station,https://www.dgll.nic.in/sites/default/files/2022-11/Mandvi%20Lighthouse%20%26%20Vts%20Station.png,DGLL,325,545,287368,3816930f446fc35387fde2f2be6c11cabe913b3e52f9bdbbd9bb6b8523a8ec15,photos/full/mandvi-lighthouse-vts-station.png
mangrol-lighthouse,https://www.dgll.nic.in/sites/default/files/2022-11/J-6.jpg,DGLL,814,1232,224415,e798d6ca7d31dc40abbb1c603908235c1ea41c7a421a63c01920c99dfac03444,photos/full/mangrol-lighthouse.jpg
mawadi-point-beacon,https://www.dgll.nic.in/sites/default/files/2022-11/Mawadi_Point_Beacon.png,DGLL,347,466,267950,f964e33c4d0cf516503eee36ec2ade08729808eece8af0bed90aa5e7017d22a7,photos/full/mawadi-point-beacon.png
menchal-lighthouse,https://www.dgll.nic.in/sites/default/files/2022-11/32.png,DGLL,451,541,624680,ef86d9919428a334fda72c001c05716a8483140ed9fd5d3d8ccf3877d7fe6c16,photos/full/menchal-lighthouse.png
middle-button-lighthouse,https://www.dgll.nic.in/sites/default/files/2022-11/7.png,DGLL,470,536,617811,27e9f786571338ee1b81a23bfb7273d50ff08980bb5100ee875a4b0661b202be,photos/full/middle-button-lighthouse.png
minicoy-north-lighthouse,https://www.dgll.nic.in/sites/default/files/2022-11/MINICOY%20NORTH%20LIGHTHOUSE_0.jpg,DGLL,263,442,49017,0a579fa3087c388377eaa2be3a040e5438fa674c24e5862d117bc1b9f66d3768,photos/full/minicoy-north-lighthouse.jpg
minicoy-south-lighthouse-dgps-station,https://www.dgll.nic.in/sites/default/files/2022-11/MINICOY%20SOUTH%20LIGHTHOUSE%20%26%20DGPS%20STATION.jpg,DGLL,306,486,42875,7ef09e728327ecbe82dfd37be32377b4b6323192b1d19fa45ffc733d27750748,photos/full/minicoy-south-lighthouse-dgps-station.jpg
mount-dilli-lighthouse,https://www.dgll.nic.in/sites/default/files/2022-11/mount%20dilli_0.jpg,DGLL,878,1559,460007,9ec3e268e160f51839658c6c0347b75daf1f5b8eec03a837b949e08576fbe680,photos/full/mount-dilli-lighthouse.jpg
mungra-reef-lighthouse,https://www.dgll.nic.in/sites/default/files/2022-11/Mungra_Reef_Lighthouse.png,DGLL,354,463,320853,e62957d7eb44b03c0e5fd541f57f4163006ec53f1e48ef4f8bb2a89204798fc7,photos/full/mungra-reef-lighthouse.png
muttom-point-lighthouse-and-navtex-station,https://www.dgll.nic.in/sites/default/files/2022-11/dg26.jpg,DGLL,990,1363,372383,73976dae11b16cdeff2d1349da687a36eac32e8f21f48e4de08b5f2dfcb8bb62,photos/full/muttom-point-lighthouse-and-navtex-station.jpg
nagapattinam-lighthouse-and-dgps-station,https://www.dgll.nic.in/sites/default/files/2022-11/dg10_0.jpg,DGLL,766,1034,95409,2b24759c166c1356a7f19c02520ac628cbd16c8459d0a96234f3a75da078ae18,photos/full/nagapattinam-lighthouse-and-dgps-station.jpg
nagayalanka-lighthouse,https://www.dgll.nic.in/sites/default/files/2022-11/Machilipatnam%20Lighthouse_0.jpg,DGLL,680,1024,116015,e390302379e6a782e1408e64c048a7e15c9d97873baa77efd10dd7144b88944b,photos/full/nagayalanka-lighthouse.jpg
nanwel-point-lighthouse,https://www.dgll.nic.in/sites/default/files/2022-11/Nanwel%20Point%20Lighthouse.jpg,DGLL,780,880,146258,f23c4dc4e6c696e5373423e5846a2525a138fe077bab8082bf04b19accfdfaf8,photos/full/nanwel-point-lighthouse.jpg
narcondum-lighthouse,https://www.dgll.nic.in/sites/default/files/2022-11/2.png,DGLL,438,528,687124,a4a404ecbc6101fa97a17c5d608fc37b581cb66137cab6c2227566f1da6c5561,photos/full/narcondum-lighthouse.png
navadra-lighthouse,https://www.dgll.nic.in/sites/default/files/2022-11/J-3.jpg,DGLL,1232,1649,287845,bcc2a892825f5e17eefa2f6e5eead7e7b05f9d86e5a044d4fc55f62d8fa72194,photos/full/navadra-lighthouse.jpg
navibandar-lighthouse,https://www.dgll.nic.in/sites/default/files/2022-11/J-5.jpg,DGLL,1369,814,204725,1227231b9648f290600fb43389c75c83ae49064a36183ea51f10d6b136bcc54a,photos/full/navibandar-lighthouse.jpg
navinal-lighthouse-and-vts-station,https://www.dgll.nic.in/sites/default/files/2022-11/Navinal%20Lighthouse%20And%20Vts%20Station.png,DGLL,399,560,223624,636451661195abe22febc34fbcb4df8df233b999e2a774ee172e8961550865da,photos/full/navinal-lighthouse-and-vts-station.png
navlakhi-lighthouse,https://www.dgll.nic.in/sites/default/files/2022-11/Navlakhi%20Lighthouse.png,DGLL,336,515,265465,aeb8faa6f438a499392c76bb13a800691e1402fbaee6727dcb1a0250debeaf17,photos/full/navlakhi-lighthouse.png
nawabander-lighthouse,https://www.dgll.nic.in/sites/default/files/2022-11/J-13.jpg,DGLL,720,1280,109090,13cd5199d1bdaa197d4e64f736658d78dd6d7a76650f1e312499ddbde49cd504,photos/full/nawabander-lighthouse.jpg
nizampatnam-lighthouse,https://www.dgll.nic.in/sites/default/files/2022-11/Nizampatnam%20Lighthouse.jpg,DGLL,1844,2869,1166475,3978aad4059382a003b0797f5854fdc102ec13577b52aa96bc1f97db73944593,photos/full/nizampatnam-lighthouse.jpg
north-brother-lighthouse,https://www.dgll.nic.in/sites/default/files/2022-11/19.png,DGLL,442,555,732199,23044ce23c16e198e16d1993eb25e9a00bfd00a0fe6d97ba7480db6682a36345,photos/full/north-brother-lighthouse.png
north-button-lighthouse,https://www.dgll.nic.in/sites/default/files/2022-11/6.png,DGLL,486,521,620871,8aed214e43e981f4fe4df506e90aa20e341a4f35e418fe8e8577a425b71d990b,photos/full/north-button-lighthouse.png
north-cinque-lighthouse,https://www.dgll.nic.in/sites/default/files/2022-11/17.png,DGLL,489,534,509628,1a3f3bfbdf3cd34a2075424462f2b5b5816c498ca2dd393bad9152f91105828d,photos/full/north-cinque-lighthouse.png
north-point-lighthouse,https://www.dgll.nic.in/sites/default/files/2022-11/14.jpg,DGLL,335,500,44199,143bea593447eb0c7deb5aaf00ccb6c58ec12662ba026f0d0b3296b5a62ca5f3,photos/full/north-point-lighthouse.jpg
okha-lighthouse-dgps-and-vts-station,https://www.dgll.nic.in/sites/default/files/2022-11/OKHA_LIGHTHOUSE.png,DGLL,345,434,240083,2155381739ebfd4bf38a4b3928311aca9605234bc4f9066502feeac042d4800e,photos/full/okha-lighthouse-dgps-and-vts-station.png
olakuda-lighthouse,https://www.dgll.nic.in/sites/default/files/2022-11/dg18.jpg,DGLL,1062,1333,421206,a8afefbb66c0a6903ce4a7cfd7554cbd829fa9b5b0e0aaf165ef26bb06d4facc,photos/full/olakuda-lighthouse.jpg
oyster-rocks-lighthouse,https://www.dgll.nic.in/sites/default/files/2022-11/The%20Oyster%20Rocks%20lighthouse.jpg,DGLL,791,1188,191146,c44187ccf39c94907e715d32522225d873f8b0a519cf49c701dd297881e109a8,photos/full/oyster-rocks-lighthouse.jpg
pamban-lighthouse,https://www.dgll.nic.in/sites/default/files/2022-11/dg16.jpg,DGLL,1559,1456,398961,1f62bb2aa81575d742cd29b7f068842609b49f3327f40822cc354851f9152192,photos/full/pamban-lighthouse.jpg
pandiyan-tivu-lighthouse-and-dgps-station,https://www.dgll.nic.in/sites/default/files/2022-11/dg22.jpg,DGLL,718,1558,201795,f64a4cf8643a73753a99605025019e5b0cff2dd3f420db24a5be277c58549afe,photos/full/pandiyan-tivu-lighthouse-and-dgps-station.jpg
passipattinam-lighthouse,https://www.dgll.nic.in/sites/default/files/2022-11/dg15.jpg,DGLL,1430,1407,332376,149698dd229dacf066c9de585525f38f078a58071d0536c4e5a847d80bdbf8f8,photos/full/passipattinam-lighthouse.jpg
pentakota-lighthouse,https://www.dgll.nic.in/sites/default/files/2022-11/Pentakota%20Lighthouse.jpg,DGLL,680,1024,90780,09b5e52f76fb45423306326aeacb6bb8921a20ecb9a0db4fb57a8a5702f7f431,photos/full/pentakota-lighthouse.jpg
perigee-light-vesselmain-light,https://www.dgll.nic.in/sites/default/files/2022-11/J-20.jpg,DGLL,1280,987,141927,fa576768d785de790a3d42e48fe4953a889f0dfc84dfc664befba4482825b5af,photos/full/perigee-light-vesselmain-light.jpg
petrie-lighthouse,https://www.dgll.nic.in/sites/default/files/2022-11/12.png,DGLL,434,544,464740,57dcdecd942f2214889cc48bcf6a098e66582fd1a73c29711c429fd61375ed6d,photos/full/petrie-lighthouse.png
piram-lighthouse,https://www.dgll.nic.in/sites/default/files/2022-11/J-18.jpg,DGLL,780,1040,53054,10d153ed5c2376b219c2fe38b5deb39d36c23cae714e2af7d47efc7c43c84268,photos/full/piram-lighthouse.jpg
pirotan-lighthouse,https://www.dgll.nic.in/sites/default/files/2022-11/Pirotan_Lighthouse.png,DGLL,392,515,310196,4d4e1b649f573efb9e381374ffffb74208edfbde6673cf4b03d81bb16f63859c,photos/full/pirotan-lighthouse.png
point-calimere-lighthouse,https://www.dgll.nic.in/sites/default/files/2022-11/DG11_0.jpg,DGLL,500,375,33867,b8bb7583a05ccdf20d53cc9111acc9e2519e17359a473308b5dd45198d3f6934,photos/full/point-calimere-lighthouse.jpg
ponnani-lighthouse,https://www.dgll.nic.in/sites/default/files/2022-11/Ponnani%20Lighthouse.jpg,DGLL,2048,924,616724,6cb9c99443c5a4129e856c784daedea04be889f7c4b89b2142088c3075e04dc7,photos/full/ponnani-lighthouse.jpg
poompuhar-lighthouse,https://www.dgll.nic.in/sites/default/files/2022-11/dg8.jpg,DGLL,795,1015,175392,a90ba6361aec79a0c52e3c30f26a15b53b185af9aa6f213495e7f5d562b1519b,photos/full/poompuhar-lighthouse.jpg
porbandar-lighthouse,https://www.dgll.nic.in/sites/default/files/2022-11/j-4.jpg,DGLL,517,1431,168295,d5650b6db1a27482dec3b5445467e8ac963430ae85ffed11a39b7fce6351f2f0,photos/full/porbandar-lighthouse.jpg
port-cornwallis,https://www.dgll.nic.in/sites/default/files/2022-11/3.png,DGLL,484,561,588928,6091299abad392506482a4cc0292f09565640d930b18e649e86cdf6e01a8704d,photos/full/port-cornwallis.png
portonovo-lighthouse-and-navtex-station,https://www.dgll.nic.in/sites/default/files/2022-11/dg7.jpg,DGLL,975,1044,254184,f1e071b054d98b93237678214105dce9e0c83acc422d36a834ffa1607799c18a,photos/full/portonovo-lighthouse-and-navtex-station.jpg
prongs-reef-lighthouse,https://www.dgll.nic.in/sites/default/files/2022-11/Prongs%20reef%20Lighthouse.jpg,DGLL,794,879,173901,4d9cacc211f7bc6de267a64822c29b6ce11634fe16f8b21c9165ad2e498ab191,photos/full/prongs-reef-lighthouse.jpg
pudimadaka-lighthouse,https://www.dgll.nic.in/sites/default/files/2022-11/Pudimadaka%20Lighthouse.jpg,DGLL,680,1024,71388,b08a7b9fb7a9cee4ab2be863e3f97fc113d6579ca650e300e9b0a0f3f4b15b76,photos/full/pudimadaka-lighthouse.jpg
puducherry-lighthouse-and-dgps-station,https://www.dgll.nic.in/sites/default/files/2022-11/dg5.jpg,DGLL,640,640,83803,45673613182e27b7f469d4a0e00fc2763383b12107d8f1424839083354d1867b,photos/full/puducherry-lighthouse-and-dgps-station.jpg
pulicat-lighthouse-and-dgps-station,https://www.dgll.nic.in/sites/default/files/2022-11/dg1.jpg,DGLL,371,534,47141,4b835088041a10306cb676ddf926e1dd4eeb114524b5c2498b8f15f60bc890fd,photos/full/pulicat-lighthouse-and-dgps-station.jpg
pulo-milow-lighthouse,https://www.dgll.nic.in/sites/default/files/2022-11/30.png,DGLL,432,571,637593,025d5d9658498c456c6e781f606476665ea252394df320a602a36c8d771e50da,photos/full/pulo-milow-lighthouse.png
rajapur-bay-lighthouse,https://www.dgll.nic.in/sites/default/files/2022-11/Rajapur%20Bay%20Lighthouse.jpg,DGLL,756,880,136664,af8a546d8278228f0c659674e5164fa7f21924d2a7c1628ee663a4bff2b2f823,photos/full/rajapur-bay-lighthouse.jpg
ramayapatnam-lighthouse,https://www.dgll.nic.in/sites/default/files/2022-11/Ramayapatnam%20Lighthouse.jpg,DGLL,1066,1424,348515,76d6953c06f8e3d8640f20b97cc00bf772e7a4eb35e8e429a0cb6d1668786408,photos/full/ramayapatnam-lighthouse.jpg
rameshwaram-dgps-station,https://www.dgll.nic.in/sites/default/files/2022-11/dg17.jpg,DGLL,1559,868,445877,572fd3d8dc89de1e44baeacfa84e5f11f51c357513f98cc3974c0d0c68925283,photos/full/rameshwaram-dgps-station.jpg
ratnagiri-town-and-dgps-station,https://www.dgll.nic.in/sites/default/files/2022-11/Ratnagiri%20Town%20and%20DGPS%20Station.jpg,DGLL,660,880,119398,804ab074c75c8ba38cd198a0d35b08909395c2aad4663cfe7668ceb854dd15d2,photos/full/ratnagiri-town-and-dgps-station.jpg
ravaport-lighthouse,https://www.dgll.nic.in/sites/default/files/2022-11/Ravaport%20Lighthouse.jpg,DGLL,1196,1627,208371,a6491272562787eb625bcc789e8f80ab1b7c5fcbcf086a2533d0c6b80f4dc7cc,photos/full/ravaport-lighthouse.jpg
rosen-point-lighthouse,https://www.dgll.nic.in/sites/default/files/2022-11/35.png,DGLL,444,537,561768,480eb83abfa8be11b41872debf2ad90eea7e16e0037b21e04945d089d71094a7,photos/full/rosen-point-lighthouse.png
rutland-lighthouse,https://www.dgll.nic.in/sites/default/files/2022-11/16.png,DGLL,430,543,509123,7d85c7acaef9fa71f0f163f26ae215a116dd76086007c9b4ade2d542f9d30dc2,photos/full/rutland-lighthouse.png
ruvapari-lighthouse,https://www.dgll.nic.in/sites/default/files/2022-11/J-19.jpg,DGLL,520,1157,139871,deac83399d34c4e9b7b8bc6b03b2fbb43516c651c164706db4305e2f28cce344,photos/full/ruvapari-lighthouse.jpg
sacramento-lighthouse,https://www.dgll.nic.in/sites/default/files/2022-11/Sacramento%20Lighthouse.jpg,DGLL,313,523,43433,70d5e78ba645581c8f7da86adfe04d31704429d8f48d46728724b6bd3be5c713,photos/full/sacramento-lighthouse.jpg
samiyani-island-lighthouse-station,https://www.dgll.nic.in/sites/default/files/2022-11/Samiyani_island_Lighthouse_Station.png,DGLL,404,469,187333,37757ce13808f675c642151bf700d2d3f3f8ac60396a140b64712ec964e136ff,photos/full/samiyani-island-lighthouse-station.png
samiyani-north-island-lighthouse-station,https://www.dgll.nic.in/sites/default/files/2022-11/Samiyani_North_Island_Lighthouse_Station.png,DGLL,410,469,183039,c2f83c7d7fd289597fa0d1235e17927f93c483402741f5a1c19ab2080e1e0645,photos/full/samiyani-north-island-lighthouse-station.png
santapalli-lighthouse,https://www.dgll.nic.in/sites/default/files/2022-11/Santapalli%20Lighthouse.jpg,DGLL,609,1280,117563,de5a0e782e3851d9cb799440bdc0518549070010ebad85aed389b0ad4abe1cd6,photos/full/santapalli-lighthouse.jpg
satpati-lighthouse,https://www.dgll.nic.in/sites/default/files/2022-11/Satpati%20Lighthouse.jpg,DGLL,612,816,97560,11b3d4b71b676dd110737bfaab60f212f5e6625d3b607d1903c3fa4ff07fb647,photos/full/satpati-lighthouse.jpg
savaibet-lighthouse,https://www.dgll.nic.in/sites/default/files/2022-11/J-12.jpg,DGLL,588,1280,121768,79388af0d4fea66c3f24357e48d0dcff8ba1cd45813b69607389fe03afcfc1fa,photos/full/savaibet-lighthouse.jpg
simar-lighthouse,https://www.dgll.nic.in/sites/default/files/2022-11/J-10.jpg,DGLL,719,1280,78683,0bf61378198eca8eff1f74d746c6cfad0b8fa065bbc8ad12767d71f470541ce9,photos/full/simar-lighthouse.jpg
sir-hugh-rose-lighthouse,https://www.dgll.nic.in/sites/default/files/2022-11/13.png,DGLL,461,544,615143,afa24fc99c5441fbf3c08899884645e20907ff363b9884d83a780aef697f06bc,photos/full/sir-hugh-rose-lighthouse.png
sister-island-lighthouse,https://www.dgll.nic.in/sites/default/files/2022-11/18.png,DGLL,490,547,475292,dc6afd487c3718c8506453480eaadc0e017edf61d4cba0a69157dbc814e934ff,photos/full/sister-island-lighthouse.png
south-button-lighthouse,https://www.dgll.nic.in/sites/default/files/2022-11/8.png,DGLL,455,549,658301,56a9e43389803006312a73509738624e4678d990e16b6a9e7ff73e883f35a662,photos/full/south-button-lighthouse.png
south-sentinel-lighthouse,https://www.dgll.nic.in/sites/default/files/2022-11/20.jpg,DGLL,354,574,83871,4d2f8d21dbace551360fcda475b23b5f8c130b258a14475c226de79f9ac326b9,photos/full/south-sentinel-lighthouse.jpg
st-george-island-lighthouse,https://www.dgll.nic.in/sites/default/files/2022-11/The%20St.%20George%20Island%20Lighthouse.jpg,DGLL,893,1192,300825,a81fd4dac62c9db03613d72a1be2027b96727304d32d699755b16a15705d686f,photos/full/st-george-island-lighthouse.jpg
strait-island-lighthouse,https://www.dgll.nic.in/sites/default/files/2022-11/9.png,DGLL,465,551,563410,bfa1b5322f64e4fde24f78557d49a27e7563fc0fd58d3c2cd877eda600c664e8,photos/full/strait-island-lighthouse.png
suhelipar-lighthouse,https://www.dgll.nic.in/sites/default/files/2022-11/SUHELIPAR%20LIGHTHOUSE.jpg,DGLL,725,425,63769,50fb8c744023a1872e446932dadd0cedf9a248ebbd9d2e4723644f3465923a3d,photos/full/suhelipar-lighthouse.jpg
surathkal-lighthouse-and-dgps-station,https://www.dgll.nic.in/sites/default/files/2022-11/Surathkal%20Lighthouse%20and%20D.G.P.S%20Station.jpg,DGLL,1004,1256,270625,1446a703ef765ee1ab2c63795d6a6c853bf3110d41ca517259df2733dcfa9aea,photos/full/surathkal-lighthouse-and-dgps-station.jpg
tadri-lighthouse,https://www.dgll.nic.in/sites/default/files/2022-11/TADRI%20LIGHTHOUSE.jpg,DGLL,881,1175,210843,1f291209a22af44e41ef858107ae8eccd95d85675d448a9ffb902e52ed480496,photos/full/tadri-lighthouse.jpg
tarapur-point-lighthouse,https://www.dgll.nic.in/sites/default/files/2022-11/Tarapur%20Point%20Lighthouse.jpg,DGLL,734,895,204089,84f755931323584694227a0c45c4f42eef3f46840b3b74d5deb4e46c34e0c103,photos/full/tarapur-point-lighthouse.jpg
thangasseripoint-lighthouse,https://www.dgll.nic.in/sites/default/files/2022-11/THANGASSERIPOINTLIGHTHOUSE.jpg,DGLL,367,681,107992,fc78617701c66dbf5cc03747b757a5e8ce03f8ed4be674bbf57c5eb0c485bdaf,photos/full/thangasseripoint-lighthouse.jpg
thinnakara-lighthouse,https://www.dgll.nic.in/sites/default/files/2022-11/THINNAKARA%20LIGHTHOUSE.jpg,DGLL,1198,1188,429301,c023644971cb98ff462e1f0eacb3a23dee818786f0d06063772eb6caf932107e,photos/full/thinnakara-lighthouse.jpg
tillanchang-lighthouse,https://www.dgll.nic.in/sites/default/files/2022-11/25.png,DGLL,410,518,303418,09c8fe4f61200bb95d50e15223f1fb72c041356664fa0c59041519d494258469,photos/full/tillanchang-lighthouse.png
tolkeshwar-point-lighthouse,https://www.dgll.nic.in/sites/default/files/2022-11/Tolkeshwar%20Point%20Lighthouse.jpg,DGLL,337,440,41883,a0f03a06a835cf7872f8ebf8ab65ec16b3cc0a03493867b6df0c5493e4dc557b,photos/full/tolkeshwar-point-lighthouse.jpg
tries-island-lighthouse,https://www.dgll.nic.in/sites/default/files/2022-11/31.png,DGLL,370,548,466397,52aae0703b6eada97f1c4be35409449d19c7da5e65ea9da501965489f701e4f5,photos/full/tries-island-lighthouse.png
umergam-lighthouse,https://www.dgll.nic.in/sites/default/files/2022-11/Umergam_Lighthouse.png,DGLL,266,384,212613,bf15bda88b16ac8b2f66eb3c12e6cf4277c34761dffa0e75713d43e57949da5b,photos/full/umergam-lighthouse.png
uttan-point-lighthouse-and-dgps-station,https://www.dgll.nic.in/sites/default/files/2022-11/Uttan%20Point%20Lighthouse%20and%20DGPS%20Station.jpg,DGLL,303,440,39122,e6e7edd0ccb8d48f570acf39518c3f14e26627a8caa99a50c354d5ba2ed3d7e3,photos/full/uttan-point-lighthouse-and-dgps-station.jpg
vakalapudi-lighthouse,https://www.dgll.nic.in/sites/default/files/2022-11/Vakalapudi%20Lighthouse.jpg,DGLL,680,1024,154020,6611a8cffd416498b77d9a4980dee682a8e71faa2b0c0608d0f7845b58e310a1,photos/full/vakalapudi-lighthouse.jpg
valiazheekal-lighthouse,https://www.dgll.nic.in/sites/default/files/2022-11/VALIAZHEEKAL%20%20LIGHTHOUSE.png,DGLL,721,1280,1618695,dd6b753c80b8601251fac9a750e48809f38926ccf42edf3f4d98221f00edce6f,photos/full/valiazheekal-lighthouse.png
valiyakara-lighthouse,https://www.dgll.nic.in/sites/default/files/2022-11/VALIYAKARA%20LIGHTHOUSE.jpg,DGLL,725,425,52567,8a2122c42660240633ae05bb722923489d6a0cbe7d5a52ee521d83e4db098783,photos/full/valiyakara-lighthouse.jpg
valsad-khadi-lighthouse,https://www.dgll.nic.in/sites/default/files/2022-11/Valsad_Khadi_Lighthouse.png,DGLL,289,451,272160,d9fc7ce1a54981c9f5b1713240f6a1d115e6a2e47001a16b21ad9fe3e1cb7bc7,photos/full/valsad-khadi-lighthouse.png
vembar-lighthouse,https://www.dgll.nic.in/sites/default/files/2022-11/dg21.jpg,DGLL,960,1280,148156,214c7acd30aa090f1692cd1c5e41f98b36abfe50599bd983a4aa6bd36db8c9df,photos/full/vembar-lighthouse.jpg
vengurla-point-lighthouse,https://www.dgll.nic.in/sites/default/files/2022-11/VENGURLA%20POINT%20LIGHTHOUSE.jpg,DGLL,241,283,16850,0d923a23cf4c1eba3a9b943f337a89f809577d1ae0d9daf47dddfcbec63de8a5,photos/full/vengurla-point-lighthouse.jpg
vengurla-rocks-lighthouse,https://www.dgll.nic.in/sites/default/files/2022-11/Vengurla%20Rocks%20Lighthouse.jpg,DGLL,900,461,69468,8e61d0f2e50481f54da92c1b04435362371b1e7db8c010fdace9b4387672cca9,photos/full/vengurla-rocks-lighthouse.jpg
veraval-lighthouse,https://www.dgll.nic.in/sites/default/files/2022-11/J-7.jpg,DGLL,614,819,84331,7083d30464d0fa6ba6048dfdcf3f5ae2a8ecc54160599663527083df32de80bc,photos/full/veraval-lighthouse.jpg
vizhinjam-lighthouse,https://www.dgll.nic.in/sites/default/files/2022-11/VIZHINJAM%20LIGHTHOUSE.png,DGLL,1034,1270,2626120,460ecb863998f318167292951cd4ddb82e0bced71ecfcdb1016d09a640ce167b,photos/full/vizhinjam-lighthouse.png
vodarevu-lighthouse,https://www.dgll.nic.in/sites/default/files/2022-11/Vodarevu%20Lighthouse.jpg,DGLL,683,1024,82026,5bfe945bbecccf18c2dff42595313074433f18810d976adb434a82a22e8bf6a5,photos/full/vodarevu-lighthouse.jpg
vypin-lighthouse,https://www.dgll.nic.in/sites/default/files/2022-11/VYPIN%20LIGHTHOUSE.jpg,DGLL,701,936,216846,370843d1b506812095a3614c2cfe0d0338736dd258c73ca29470b9ac53d31c30,photos/full/vypin-lighthouse.jpg
wasi-borsi-lighthouse,https://www.dgll.nic.in/sites/default/files/2022-11/Wasi_Borsi_Lighthouse.png,DGLL,384,408,346604,581875d7110a35879f45ae07b6ade10d9b117d6d617de05e3c3c013dae93fd1a,photos/full/wasi-borsi-lighthouse.png
wilson-island-lighthouse,https://www.dgll.nic.in/sites/default/files/2022-11/10.png,DGLL,434,577,753269,4a0416ea09e5238a7985512aea4670bf211b4b5006d76c19f8a47e9e8c09b571,photos/full/wilson-island-lighthouse.png
